datetimeUtc,PM2.5,TEMP,DEWP
2025-07-25 11:00:00+00:00,26.997651533647016,32.82803032614968,19.019893888993693
2025-07-25 12:00:00+00:00,23.385416746139526,33.04729127883911,18.845249557495116
2025-07-25 13:00:00+00:00,27.039208451906838,29.991812308629356,16.504845587412518
2025-07-25 14:00:00+00:00,30.693000157674152,26.9363333384196,14.16444161732992
2025-07-25 15:00:00+00:00,23.90437889099121,26.50089385292747,13.723593729192562
2025-07-25 16:00:00+00:00,29.47738854090373,24.66262515385945,12.631491756439205
2025-07-25 17:00:00+00:00,40.41966692606608,23.17845869064331,11.822792021433512
2025-07-25 18:00:00+00:00,35.89798545837402,22.36033360163371,11.373544724782311
2025-07-25 19:00:00+00:00,39.24095853169759,21.10241635640462,10.982574717203775
2025-07-25 20:00:00+00:00,42.14691607157389,20.372875054677326,10.745800113677978
2025-07-25 21:00:00+00:00,33.04133319854736,20.13616720835368,10.35875047047933
2025-07-25 22:00:00+00:00,32.758458296457924,18.983583132425945,9.567049853007
2025-07-25 23:00:00+00:00,38.77979119618734,17.70883305867513,8.84174969991048
2025-07-26 00:00:00+00:00,41.5289166768392,17.30358346303304,8.673166847229004
2025-07-26 01:00:00+00:00,40.74762535095215,17.58887529373169,8.894358603159587
2025-07-26 02:00:00+00:00,41.42304102579752,17.070333162943523,8.546499824523927
2025-07-26 03:00:00+00:00,39.84204165140788,16.545416831970215,8.042966842651367
2025-07-26 04:00:00+00:00,45.67287508646647,15.939958492914837,7.542800188064575
2025-07-26 05:00:00+00:00,57.65758355458578,16.67420832316081,8.251200103759766
2025-07-26 06:00:00+00:00,44.1454168955485,19.596875190734863,10.298425292968751
2025-07-26 07:00:00+00:00,39.25591643651327,23.468541622161865,12.446466477711995
2025-07-26 08:00:00+00:00,29.766041437784832,26.95229148864746,13.819166501363117
2025-07-26 09:00:00+00:00,30.83637523651123,28.90983311335246,15.1673747698466
2025-07-26 10:00:00+00:00,28.547916730244957,30.70441706975301,16.64334208170573
2025-07-26 11:00:00+00:00,23.21358331044515,32.23287502924601,17.64325002034505
2025-07-26 12:00:00+00:00,19.994250297546387,32.77708307902018,17.73297472000122
2025-07-26 13:00:00+00:00,19.002944628397625,33.39647229512533,18.24548625946045
2025-07-26 14:00:00+00:00,26.58045864105225,31.38516632715861,16.581416320800784
2025-07-26 15:00:00+00:00,37.386597633361816,27.884833335876465,13.851669438680014
2025-07-26 16:00:00+00:00,36.3710831006368,25.14840269088745,13.060449886322022
2025-07-26 17:00:00+00:00,45.15470822652181,22.693166573842365,11.922841676076253
2025-07-26 18:00:00+00:00,56.45316664377848,21.598666508992512,11.545841534932453
2025-07-26 19:00:00+00:00,57.404083569844566,20.54865264892578,10.93719425201416
2025-07-26 20:00:00+00:00,55.845181147257485,19.871041615804035,10.311322085062661
2025-07-26 21:00:00+00:00,61.9123748143514,19.22862482070923,9.571283117930095
2025-07-26 22:00:00+00:00,61.56012407938639,18.23270829518636,8.798749923706055
2025-07-26 23:00:00+00:00,40.10229174296061,17.419250011444092,8.294172255198161
2025-07-27 00:00:00+00:00,32.78129132588705,16.555916786193848,7.671316846211752
2025-07-27 01:00:00+00:00,35.977333068847656,15.89316670099894,7.270716635386147
2025-07-27 02:00:00+00:00,36.25891653696696,15.396791776021322,6.962816747029622
2025-07-27 03:00:00+00:00,39.81833362579346,15.052500009536743,6.633141756057739
2025-07-27 04:00:00+00:00,44.1501661936442,14.749833424886068,6.2712417602539094
2025-07-27 05:00:00+00:00,45.80762481689453,15.619041681289673,7.303733301162719
2025-07-27 06:00:00+00:00,40.15908400217692,17.15779145558675,8.741233126322427
2025-07-27 07:00:00+00:00,42.37916692097982,18.372250080108643,9.366491667429607
2025-07-27 08:00:00+00:00,46.57354164123535,20.09279171625773,10.314591693878171
2025-07-27 09:00:00+00:00,48.87266635894776,23.456124782562256,12.369722016652426
2025-07-27 10:00:00+00:00,42.09683354695638,25.985333283742268,13.937674935658771
2025-07-27 11:00:00+00:00,32.51499970753988,28.432874997456867,15.561458333333333
2025-07-27 12:00:00+00:00,19.788041750590008,30.804999510447185,17.11664956410726
2025-07-27 13:00:00+00:00,16.288597186406452,31.615972359975174,17.52442789077758
2025-07-27 14:00:00+00:00,17.5410418510437,31.30941645304362,17.171791458129885
2025-07-27 15:00:00+00:00,21.77708339691162,28.03545840581258,14.593783378601074
2025-07-27 16:00:00+00:00,58.78637409210205,24.284375031789143,12.06901667912801
2025-07-27 17:00:00+00:00,93.0813331604004,21.24570830663045,10.377749919891357
2025-07-27 18:00:00+00:00,100.9049997329712,20.636791388193767,10.61912463506063
2025-07-27 19:00:00+00:00,56.31904157002767,19.83783324559529,10.376899941762284
2025-07-27 20:00:00+00:00,41.6812915802002,19.91379149754842,10.172108300526936
2025-07-27 21:00:00+00:00,41.55729166666666,19.201375007629395,9.456925010681152
2025-07-27 22:00:00+00:00,41.4774169921875,17.88766686121623,8.689958540598553
2025-07-27 23:00:00+00:00,39.10006904602051,17.054458300272625,8.025311024983726
2025-07-28 00:00:00+00:00,38.59783331553141,16.10058331489563,7.307449897130329
2025-07-28 01:00:00+00:00,41.80787467956543,15.686999956766764,6.9858498255411785
2025-07-28 02:00:00+00:00,38.39729181925456,15.20199998219808,6.590950139363608
2025-07-28 03:00:00+00:00,44.25883324941,15.009041706720987,6.376225074132284
2025-07-28 04:00:00+00:00,70.91216723124187,14.8149999777476,6.352283366521199
2025-07-28 05:00:00+00:00,57.31579176584879,16.599291721979778,7.966441710790001
2025-07-28 06:00:00+00:00,43.18649991353353,19.056958039601643,9.512616316477455
2025-07-28 07:00:00+00:00,37.78237469991048,22.262625217437744,11.275850200653077
2025-07-28 08:00:00+00:00,36.12254142761231,23.4463750521342,12.052208423614506
2025-07-28 09:00:00+00:00,26.555541515350345,26.126333236694336,13.735816637674969
2025-07-28 10:00:00+00:00,28.5471248626709,28.7352081934611,15.536608187357587
2025-07-28 11:00:00+00:00,33.00812482833862,30.47504170735677,16.77137508392334
2025-07-28 12:00:00+00:00,32.783541679382324,31.64120817184448,17.585799789428705
2025-07-28 13:00:00+00:00,29.61087481180827,32.57266712188721,18.199925454457603
2025-07-28 14:00:00+00:00,32.43204196294149,31.361167112986248,17.104250462849933
2025-07-28 15:00:00+00:00,30.055624961853027,28.96220842997233,15.283491834004717
2025-07-28 16:00:00+00:00,40.62570842107137,25.041625181833904,13.025242010752361
2025-07-28 17:00:00+00:00,43.55041694641113,22.317583084106445,11.910699780782064
2025-07-28 18:00:00+00:00,44.46041711171468,21.819541613260903,11.413916587829586
2025-07-28 19:00:00+00:00,39.67308330535889,20.8800417582194,10.322350056966144
2025-07-28 20:00:00+00:00,45.45416673024496,19.987250328063965,9.900216929117839
2025-07-28 21:00:00+00:00,42.60083325703939,19.762291590372723,9.819333267211915
2025-07-28 22:00:00+00:00,34.00966660181681,18.937083562215168,9.093583488464354
2025-07-28 23:00:00+00:00,29.274083455403645,18.89870802561442,9.348074849446617
2025-07-29 00:00:00+00:00,26.42599995930989,18.82641649246216,9.63898324966431
2025-07-29 01:00:00+00:00,26.72112480799357,18.94208304087321,9.738157971700033
2025-07-29 02:00:00+00:00,24.88279183705648,18.632084051767983,9.583484172821041
2025-07-29 03:00:00+00:00,25.040416876475017,18.583250363667805,9.565950266520181
2025-07-29 04:00:00+00:00,28.15691677729289,18.501499970753983,9.482058302561438
2025-07-29 05:00:00+00:00,31.53879149754842,18.64733346303304,9.56849168141683
2025-07-29 06:00:00+00:00,34.91508324941,19.22237475713094,9.948683134714763
2025-07-29 07:00:00+00:00,36.29674975077311,19.804625034332275,10.339966742197673
2025-07-29 08:00:00+00:00,37.96566677093506,21.71958303451538,11.3844162940979
2025-07-29 09:00:00+00:00,37.663665771484375,21.942208131154377,11.385641638437905
2025-07-29 10:00:00+00:00,36.24933369954427,22.51995865503947,11.539217027028402
2025-07-29 11:00:00+00:00,39.13937536875407,25.1411247253418,13.125483131408695
2025-07-29 12:00:00+00:00,38.93270842234293,29.19883330663045,15.921641604105629
2025-07-29 13:00:00+00:00,40.23783365885416,30.024458408355716,16.48749173482259
2025-07-29 14:00:00+00:00,241.1950044631958,27.24191649754842,14.524716536204018
2025-07-29 15:00:00+00:00,67.90579160054524,24.258458455403645,12.491383361816405
2025-07-29 16:00:00+00:00,45.76487477620443,21.967499891916912,11.149341487884522
2025-07-29 17:00:00+00:00,44.12591679890951,20.86954148610433,10.440758005777992
2025-07-29 18:00:00+00:00,45.3144162495931,20.688750108083088,10.216008408864338
2025-07-29 19:00:00+00:00,43.21445878346761,20.52850039800008,9.93108377456665
2025-07-29 20:00:00+00:00,37.06204096476237,20.02987511952718,9.39054177602132
2025-07-29 21:00:00+00:00,36.59354146321615,19.94716676076253,9.250058301289876
2025-07-29 22:00:00+00:00,34.93391640981039,19.80454158782959,9.080308151245116
2025-07-29 23:00:00+00:00,34.13379160563151,19.52258316675822,8.926958179473878
2025-07-30 00:00:00+00:00,35.51570796966553,19.13450034459432,8.797175375620522
2025-07-30 01:00:00+00:00,32.831542015075684,18.706250190734863,8.741975084940593
2025-07-30 02:00:00+00:00,31.428750038146973,18.06137498219808,8.527833429972327
2025-07-30 03:00:00+00:00,31.521124998728435,17.662583510080974,8.298483562469483
2025-07-30 04:00:00+00:00,32.05758317311605,17.467249870300293,8.141583251953126
2025-07-30 05:00:00+00:00,33.693874994913735,17.62850014368693,8.234675184885662
2025-07-30 06:00:00+00:00,36.05699984232584,18.125791708628338,8.543575064341228
2025-07-30 07:00:00+00:00,48.1325413386027,19.229250113169357,9.166133467356369
2025-07-30 08:00:00+00:00,37.17675002415975,22.37141688664754,10.725375334421791
2025-07-30 09:00:00+00:00,31.624250094095867,26.45870812733968,13.276624870300294
2025-07-30 10:00:00+00:00,32.0209584236145,28.73295831680298,14.8116499265035
2025-07-30 11:00:00+00:00,30.75940243403117,29.48580535252889,15.340272045135496
2025-07-30 12:00:00+00:00,25.207416534423828,29.86454168955485,15.4842666943868
2025-07-30 13:00:00+00:00,14.89104167620341,30.33495807647705,15.739883104960123
2025-07-30 14:00:00+00:00,16.36424998442332,28.824583053588867,14.619533061981201
2025-07-30 15:00:00+00:00,14.43066660563151,26.692874908447266,13.0208083152771
2025-07-30 16:00:00+00:00,16.315500020980835,23.7365837097168,11.064108657836918
2025-07-30 17:00:00+00:00,25.27733325958252,22.266250133514404,10.337433338165285
2025-07-30 18:00:00+00:00,32.69216616948446,21.252708435058597,9.954625066121423
2025-07-30 19:00:00+00:00,31.048208236694336,20.328625043233234,9.594225056966145
2025-07-30 20:00:00+00:00,20.232999960581463,19.180041631062824,8.995883242289224
2025-07-30 21:00:00+00:00,18.04579146703084,18.24641688664754,8.48589194615682
2025-07-30 22:00:00+00:00,22.87624994913737,17.748583157857258,8.476958147684732
2025-07-30 23:00:00+00:00,16.916208346684773,18.41308307647705,9.25689125061035
2025-07-31 00:00:00+00:00,15.215375105539955,18.332332770029705,9.412574481964114
2025-07-31 01:00:00+00:00,12.834333260854086,18.27275005976359,9.389750067392987
2025-07-31 02:00:00+00:00,13.041249990463257,18.127833525339764,9.30307524998983
2025-07-31 03:00:00+00:00,16.80774998664856,18.156083901723225,9.298242219289143
2025-07-31 04:00:00+00:00,20.52441660563151,18.12720823287964,9.29044148127238
2025-07-31 05:00:00+00:00,26.0206667582194,18.47375011444092,9.54083347320557
2025-07-31 06:00:00+00:00,39.116333643595375,19.16291697820028,9.962008635203045
2025-07-31 07:00:00+00:00,46.4781665802002,20.1732915242513,10.508624839782714
2025-07-31 08:00:00+00:00,33.20629151662191,22.418291568756104,11.571183236440024
2025-07-31 09:00:00+00:00,39.49116738637289,25.1024169921875,13.112067031860352
2025-07-31 10:00:00+00:00,36.93020820617676,25.73087501525879,13.35860824584961
2025-07-31 11:00:00+00:00,30.06654183069865,28.666958173116047,15.330291525522865
2025-07-31 12:00:00+00:00,15.972208261489868,30.849124908447266,16.831466643015542
2025-07-31 13:00:00+00:00,13.138041893641152,32.19308344523112,17.710383415222164
2025-07-31 14:00:00+00:00,7.092875003814697,30.736292044321697,16.4776837348938
2025-07-31 15:00:00+00:00,8.811333298683167,27.42058340708415,13.879291661580407
2025-07-31 16:00:00+00:00,27.14583381017049,24.395708401997883,11.836008389790853
2025-07-31 17:00:00+00:00,40.53954188028971,22.909124851226807,11.176558144887288
2025-07-31 18:00:00+00:00,46.802708307902016,21.642874876658123,10.48165814081828
2025-07-31 19:00:00+00:00,48.15004189809164,20.361499786376957,9.725583140055342
2025-07-31 20:00:00+00:00,54.70291678110758,19.07425006230672,9.097483348846435
2025-07-31 21:00:00+00:00,39.36404164632162,19.399791717529297,9.81932519276937
2025-07-31 22:00:00+00:00,14.918625036875406,20.08991686503093,10.610433578491214
2025-07-31 23:00:00+00:00,11.056166569391886,19.84470796585083,10.61874958674113
2025-08-01 00:00:00+00:00,10.909083445866903,19.51500002543132,10.589508310953782
2025-08-01 01:00:00+00:00,15.215333302815756,19.327041308085125,10.498232968648276
2025-08-01 02:00:00+00:00,13.366416613260904,19.080708821614586,10.300158818562828
2025-08-01 03:00:00+00:00,19.70062510172526,18.976624965667725,10.153216711680095
2025-08-01 04:00:00+00:00,28.078083276748657,18.86566662788391,10.004499769210815
2025-08-01 05:00:00+00:00,29.611041824022927,17.994361095958286,9.927999875280591
2025-08-01 06:00:00+00:00,31.1440003712972,17.12305556403266,9.851499981350369
2025-08-01 07:00:00+00:00,32.46354182561239,19.93045854568481,10.578433513641356
2025-08-01 08:00:00+00:00,31.24187485376994,20.659166653951008,10.884524917602539
2025-08-01 09:00:00+00:00,29.53195873896281,21.26954174041748,11.181183497111004
2025-08-01 10:00:00+00:00,28.00641663869222,21.17295853296916,11.072050380706791
2025-08-01 11:00:00+00:00,25.434750080108643,21.549499829610188,11.340408134460446
2025-08-01 12:00:00+00:00,22.39216661453247,22.77587493260701,12.126841640472408
2025-08-01 13:00:00+00:00,21.41974973678589,23.025166511535645,12.286733245849609
2025-08-01 14:00:00+00:00,25.32208315531413,22.94629144668579,12.164241504669189
2025-08-01 15:00:00+00:00,37.18791659673055,21.86337518692017,11.5306918780009
2025-08-01 16:00:00+00:00,44.20379193623861,20.79575030008952,11.041908645629883
2025-08-01 17:00:00+00:00,35.990333557128906,20.224999745686848,10.757966486612954
2025-08-01 18:00:00+00:00,25.615208466847736,19.536083539326984,10.264867019653321
2025-08-01 19:00:00+00:00,23.32866668701172,19.06320826212565,9.984833208719888
2025-08-01 20:00:00+00:00,22.972583134969074,18.90116628011068,9.9251246770223
2025-08-01 21:00:00+00:00,20.98270845413208,18.76683298746745,9.862449645996094
2025-08-01 22:00:00+00:00,16.70608337720235,18.484708468119305,9.729941813151044
2025-08-01 23:00:00+00:00,23.245750109354656,17.97237491607666,9.50895824432373
2025-08-02 00:00:00+00:00,27.65887514750163,17.49791653951009,9.411491521199544
2025-08-02 01:00:00+00:00,30.810041904449463,17.64483340581258,9.600025145212808
2025-08-02 02:00:00+00:00,21.28420829772949,17.817124366760254,9.614282735188802
2025-08-02 03:00:00+00:00,22.63895845413208,17.90412473678589,9.73609972000122
2025-08-02 04:00:00+00:00,20.910791556040447,17.83104133605957,9.655624707539875
2025-08-02 05:00:00+00:00,21.28975001970927,18.009666442871094,9.849833043416343
2025-08-02 06:00:00+00:00,36.11779181162516,18.752583344777424,10.247258345286049
2025-08-02 07:00:00+00:00,24.59470844268799,20.077791531880692,11.011899820963537
2025-08-02 08:00:00+00:00,36.375083446502686,21.09749984741211,11.411024983723959
2025-08-02 09:00:00+00:00,32.26562468210856,21.65874989827474,11.76388333638509
2025-08-02 10:00:00+00:00,31.289083162943523,22.107374986012776,12.096424897511799
2025-08-02 11:00:00+00:00,35.2993753751119,24.76741647720337,13.753458054860433
2025-08-02 12:00:00+00:00,31.656874974568684,27.22541650136312,15.17869968414307
2025-08-02 13:00:00+00:00,29.772000312805176,27.204500039418537,15.040516757965086
2025-08-02 14:00:00+00:00,29.816833019256592,27.32925001780192,14.976341629028322
2025-08-02 15:00:00+00:00,32.20683288574219,25.07300027211507,13.578158696492512
2025-08-02 16:00:00+00:00,40.05441697438558,22.324124972025555,12.09720834096273
2025-08-02 17:00:00+00:00,46.496124903361,20.704958120981853,11.693133068084718
2025-08-02 18:00:00+00:00,43.41462484995524,20.74595832824707,11.651308441162112
2025-08-02 19:00:00+00:00,31.39574972788493,20.50329144795736,10.813457997639976
2025-08-02 20:00:00+00:00,28.07874965667725,20.260416348775227,10.622049776713052
2025-08-02 21:00:00+00:00,21.49970817565918,20.06583340962728,10.538925107320154
2025-08-02 22:00:00+00:00,20.808958371480305,20.03837521870931,10.601341819763183
2025-08-02 23:00:00+00:00,21.715124766031902,19.872291723887127,10.527216625213624
2025-08-03 00:00:00+00:00,27.37904119491577,19.19058322906494,10.160899861653645
2025-08-03 01:00:00+00:00,26.86900011698405,18.05400005976359,9.395300070444744
2025-08-03 02:00:00+00:00,26.12279160817464,18.392583688100174,9.76350863774617
2025-08-03 03:00:00+00:00,24.98375002543132,18.83158318201701,10.121141465504966
2025-08-03 04:00:00+00:00,26.45887517929077,19.13608392079671,10.375542259216308
2025-08-03 05:00:00+00:00,31.429416338602703,19.487374941507976,10.682091649373374
2025-08-03 06:00:00+00:00,40.9018751780192,19.78237517674764,10.774775218963622
2025-08-03 07:00:00+00:00,34.04241625467936,20.35562531153361,11.01515874862671
2025-08-03 08:00:00+00:00,32.304333209991455,21.981958548227947,11.852950191497804
2025-08-03 09:00:00+00:00,37.35183334350586,21.87712510426839,11.774691836039223
2025-08-03 10:00:00+00:00,32.035500367482506,23.63304169972737,12.798741722106929
2025-08-03 11:00:00+00:00,29.995000044504803,25.11575015385945,13.612875270843501
2025-08-03 12:00:00+00:00,23.657625039418537,26.28399991989136,14.15455827713013
2025-08-03 13:00:00+00:00,18.30595842997233,27.214375336964924,14.520233567555744
2025-08-03 14:00:00+00:00,18.756291548411053,27.08508364359538,14.367158508300783
2025-08-03 15:00:00+00:00,20.21619447072347,25.49713881810506,13.17704718907674
2025-08-03 16:00:00+00:00,27.27554178237915,23.528708299001057,12.140424950917561
2025-08-03 17:00:00+00:00,51.24370765686035,22.18916670481364,11.67462501525879
2025-08-03 18:00:00+00:00,45.685583432515465,20.408499876658123,11.165141582489014
2025-08-03 19:00:00+00:00,46.80754184722901,19.66183344523112,11.1134916305542
2025-08-03 20:00:00+00:00,46.02149931589762,19.456791877746586,10.94618358612061
2025-08-03 21:00:00+00:00,44.27466646830241,19.622583707173664,11.015691947937011
2025-08-03 22:00:00+00:00,39.67383257548014,19.46024990081787,10.837008221944172
2025-08-03 23:00:00+00:00,37.20262495676676,19.007583459218345,10.210533491770429
2025-08-04 00:00:00+00:00,39.352749824523926,18.162291685740158,9.652258396148685
2025-08-04 01:00:00+00:00,41.13304201761881,17.788999875386555,9.431799952189126
2025-08-04 02:00:00+00:00,43.9868745803833,18.22670825322469,9.760991636912028
2025-08-04 03:00:00+00:00,39.70524915059408,18.318833033243816,9.573958015441896
2025-08-04 04:00:00+00:00,34.49691677093506,18.18637530008952,9.28325023651123
2025-08-04 05:00:00+00:00,37.56566651662191,18.241583824157715,9.13020044962565
2025-08-04 06:00:00+00:00,40.38320827484131,18.694125175476078,9.230525143941245
2025-08-04 07:00:00+00:00,44.0144583384196,20.60983355840047,10.324533494313556
2025-08-04 08:00:00+00:00,43.721625328063965,22.610291481018063,11.39036655426025
2025-08-04 09:00:00+00:00,41.63387552897135,23.97333351771037,12.302575143178306
2025-08-04 10:00:00+00:00,43.06208324432373,26.77170817057292,14.013441467285162
2025-08-04 11:00:00+00:00,34.60437488555908,29.19883330663045,15.655141607920326
2025-08-04 12:00:00+00:00,32.12958304087321,28.54095824559529,15.010166517893467
2025-08-04 13:00:00+00:00,31.15341663360596,29.336333115895588,15.56524143218994
2025-08-04 14:00:00+00:00,31.35925022761027,29.592999776204422,15.701533126831048
2025-08-04 15:00:00+00:00,35.30791664123535,27.380791823069256,13.992450046539306
2025-08-04 16:00:00+00:00,46.96529229482015,24.43962526321411,12.304242038726807
2025-08-04 17:00:00+00:00,45.550333976745605,22.712875207265217,11.536966800689697
2025-08-04 18:00:00+00:00,52.61491711934408,21.173041343688965,11.104166412353516
2025-08-04 19:00:00+00:00,62.034250577290855,20.19470818837484,10.742199897766117
2025-08-04 20:00:00+00:00,58.86570835113525,19.513749917348225,10.254016590118407
2025-08-04 21:00:00+00:00,61.23550001780192,18.67929156621297,9.571899890899658
2025-08-04 22:00:00+00:00,59.00125026702881,17.99120823542277,9.161508401234947
2025-08-04 23:00:00+00:00,58.17187468210856,17.631333351135254,8.745583407084148
2025-08-05 00:00:00+00:00,54.70341650644938,16.759416898091633,7.938841819763184
2025-08-05 01:00:00+00:00,55.91899967193604,15.965999841690063,7.355158154169718
2025-08-05 02:00:00+00:00,51.89220841725668,15.6367084980011,7.083758529027305
2025-08-05 03:00:00+00:00,44.95537503560384,15.69295827547709,7.134091647466022
2025-08-05 04:00:00+00:00,40.01295884450277,16.753249804178875,8.176716486612957
2025-08-05 05:00:00+00:00,39.5311663945516,17.162041823069256,8.583341821034752
2025-08-05 06:00:00+00:00,43.49940906871449,18.159045479514383,9.148872722278941
2025-08-05 07:00:00+00:00,49.51633358001709,20.373708566029865,10.575016880035399
2025-08-05 08:00:00+00:00,48.02774969736735,22.637374877929688,11.819983228047686
2025-08-05 09:00:00+00:00,44.393083254496254,24.81345844268799,13.123741785685223
2025-08-05 10:00:00+00:00,37.71241696675619,26.10341660181681,13.853849887847899
2025-08-05 11:00:00+00:00,35.17908318837484,25.48116652170817,13.215174865722657
2025-08-05 12:00:00+00:00,40.70262495676676,25.62441651026408,13.36000827153524
2025-08-05 13:00:00+00:00,42.89537461598714,26.399415969848636,13.842349243164065
2025-08-05 14:00:00+00:00,41.12116686503092,25.491541703542072,13.000049940745035
2025-08-05 15:00:00+00:00,39.90349960327149,23.660458246866863,11.650241661071778
2025-08-05 16:00:00+00:00,49.38566684722901,21.6026250521342,10.800966739654545
2025-08-05 17:00:00+00:00,62.09258365631104,20.120874722798664,10.547166379292804
2025-08-05 18:00:00+00:00,52.5735829671224,19.793333053588867,10.462416458129884
2025-08-05 19:00:00+00:00,50.43124961853027,19.190583388010666,10.109324995676682
2025-08-05 20:00:00+00:00,48.36062494913737,18.765291690826416,9.64023338953654
2025-08-05 21:00:00+00:00,47.02087529500326,18.473333199818928,9.321241537729897
2025-08-05 22:00:00+00:00,36.281166553497314,17.674708048502605,8.301749674479169
2025-08-05 23:00:00+00:00,31.831249396006267,16.165958563486736,7.2036753654479995
2025-08-06 00:00:00+00:00,33.23912493387858,14.869250138600668,6.673441791534426
2025-08-06 01:00:00+00:00,31.456375122070312,14.782958269119264,6.7094415505727145
2025-08-06 02:00:00+00:00,32.108458042144775,14.344458421071373,6.41792497634888
2025-08-06 03:00:00+00:00,25.01420831680298,13.888749917348228,6.128591505686444
2025-08-06 04:00:00+00:00,46.865124225616455,13.68079193433126,6.10665863355001
2025-08-06 05:00:00+00:00,42.26145839691162,15.313416481018066,7.545983060201008
2025-08-06 06:00:00+00:00,38.41079171498617,18.64829158782959,9.404333305358886
2025-08-06 07:00:00+00:00,33.36600033442179,21.399375120798748,10.776416937510174
2025-08-06 08:00:00+00:00,35.03000005086263,23.758458455403645,12.184033393859863
2025-08-06 09:00:00+00:00,33.26229159037272,25.557833194732662,13.288758182525633
2025-08-06 10:00:00+00:00,37.197625478108726,26.29729159673055,13.908141485850015
2025-08-06 11:00:00+00:00,31.97558323542277,28.46475013097127,15.501700178782142
2025-08-06 12:00:00+00:00,33.25650008519491,30.18400017420451,16.6935751914978
2025-08-06 13:00:00+00:00,30.798999786376957,29.551375071207683,16.119083404541016
2025-08-06 14:00:00+00:00,33.39683294296265,27.49616686503093,14.620891825358077
2025-08-06 15:00:00+00:00,49.29441642761231,24.635125001271565,12.825850009918213
2025-08-06 16:00:00+00:00,44.0591246287028,22.82062514623006,11.779950110117593
2025-08-06 17:00:00+00:00,40.64624945322672,21.354625066121415,11.04546680450439
2025-08-06 18:00:00+00:00,38.62066618601481,21.009583473205566,10.832783444722493
2025-08-06 19:00:00+00:00,23.098499933878585,20.440833568573,10.61550029118856
2025-08-06 20:00:00+00:00,13.730624914169312,19.818166573842365,10.5669415473938
2025-08-06 21:00:00+00:00,8.708208282788595,19.28041648864746,10.549033164978027
2025-08-06 22:00:00+00:00,6.191958387692769,19.14983367919922,10.599033610026042
2025-08-06 23:00:00+00:00,3.5907499690850577,18.99749994277954,10.593516572316487
2025-08-07 00:00:00+00:00,3.3957499961058297,18.965208212534588,10.683416525522869
2025-08-07 01:00:00+00:00,5.197875022888184,18.858999411265057,10.727682717641196
2025-08-07 02:00:00+00:00,8.538708368937174,18.839374542236328,10.771857833862304
2025-08-07 03:00:00+00:00,8.768083333969116,18.70608361562093,10.795758692423501
2025-08-07 04:00:00+00:00,10.281875133514404,18.08749993642171,10.481466611226399
2025-08-07 05:00:00+00:00,24.719375133514404,18.0879168510437,10.494400246938069
2025-08-07 06:00:00+00:00,25.890541553497314,19.00362491607666,10.940949948628743
2025-08-07 07:00:00+00:00,32.23120832443237,20.89579137166341,11.852849769592284
2025-08-07 08:00:00+00:00,35.04330539703369,22.96069431304932,12.9308526357015
2025-08-07 09:00:00+00:00,32.21983321507772,25.26687479019165,14.351224740346272
2025-08-07 10:00:00+00:00,33.738541762034096,28.095458030700684,16.08109137217204
2025-08-07 11:00:00+00:00,35.20012458165487,28.781874815622967,16.203508154551187
2025-08-07 12:00:00+00:00,34.06158336003622,28.65691677729289,15.896616840362551
2025-08-07 13:00:00+00:00,35.35241572062174,26.21566677093506,14.11742509206136
2025-08-07 14:00:00+00:00,42.80270767211914,23.86691665649414,13.116625022888183
2025-08-07 15:00:00+00:00,49.08404159545898,22.178916772206623,13.283466752370197
2025-08-07 16:00:00+00:00,59.541999181111656,21.12933365503947,12.44497537612915
2025-08-07 17:00:00+00:00,57.80366675059,20.735874970753983,12.181716505686436
2025-08-07 18:00:00+00:00,49.12754122416178,20.48633352915446,12.02332509358724
2025-08-07 19:00:00+00:00,51.61299991607666,20.12216663360596,11.759875043233238
2025-08-07 20:00:00+00:00,53.75937461853027,20.006750265757244,11.754650338490805
2025-08-07 21:00:00+00:00,43.62829176584879,19.408708254496258,11.32056662241618
2025-08-07 22:00:00+00:00,40.407833099365234,18.474083105723064,10.65787483851115
2025-08-07 23:00:00+00:00,41.07358360290527,18.20650005340576,10.609266726175944
2025-08-08 00:00:00+00:00,37.61491600672404,18.41237497329712,10.638666693369547
2025-08-08 01:00:00+00:00,24.315083185831707,18.27329174677531,10.098641681671145
2025-08-08 02:00:00+00:00,26.60041681925456,18.071624914805096,10.079808203379313
2025-08-08 03:00:00+00:00,32.21579154332479,18.15566730499268,10.168725585937503
2025-08-08 04:00:00+00:00,36.29891649881999,17.42858346303304,9.666100056966144
2025-08-08 05:00:00+00:00,34.87366660435995,17.756999969482422,10.178266716003417
2025-08-08 06:00:00+00:00,36.83474969863892,19.7951668103536,11.129658667246504
2025-08-08 07:00:00+00:00,38.69091669718424,22.41229184468587,12.643016751607256
2025-08-08 08:00:00+00:00,44.69191646575928,24.481249968210857,14.017133235931396
2025-08-08 09:00:00+00:00,47.60770765940348,27.09808349609375,15.47000846862793
2025-08-08 10:00:00+00:00,56.60712401072184,27.080791632334392,15.445558389027916
2025-08-08 11:00:00+00:00,61.14041678110758,24.98199987411499,14.215449810028076
2025-08-08 12:00:00+00:00,74.54004160563152,21.66129191716512,13.080800215403237
2025-08-08 13:00:00+00:00,62.5022497177124,21.703874905904133,13.651308186848958
2025-08-08 14:00:00+00:00,38.34137471516927,22.417541821797688,13.422650082906086
2025-08-08 15:00:00+00:00,39.14362462361654,21.24550024668376,12.698083559672042
2025-08-08 16:00:00+00:00,42.413208643595375,20.177791754404705,12.153216775258386
2025-08-08 17:00:00+00:00,44.13020865122477,19.232583204905197,11.693491586049403
2025-08-08 18:00:00+00:00,43.42266654968262,18.8351248105367,11.641958141326903
2025-08-08 19:00:00+00:00,45.32783349355062,18.918083508809406,11.62040017445882
2025-08-08 20:00:00+00:00,47.926499684651695,18.792874972025555,11.566908391316732
2025-08-08 21:00:00+00:00,46.34370835622152,18.818416595458984,11.4314666112264
2025-08-08 22:00:00+00:00,43.28129196166992,18.72195816040039,11.28815809885661
2025-08-08 23:00:00+00:00,36.90216636657715,18.251499970753983,10.748433335622147
2025-08-09 00:00:00+00:00,36.86004130045573,18.054458300272625,10.471516672770184
2025-08-09 01:00:00+00:00,32.09091631571452,17.39912509918213,9.998358472188313
2025-08-09 02:00:00+00:00,32.65016746520996,17.55595858891805,10.102533690134683
2025-08-09 03:00:00+00:00,33.29420852661133,17.598167101542156,10.044625473022462
2025-08-09 04:00:00+00:00,36.14337476094564,17.33829148610433,9.979691505432129
2025-08-09 05:00:00+00:00,37.36450004577637,17.33520793914795,10.061274528503418
2025-08-09 06:00:00+00:00,42.03687540690104,17.414541721343994,10.09542506535848
2025-08-09 07:00:00+00:00,44.11283302307129,17.595791657765705,10.090841579437255
2025-08-09 08:00:00+00:00,42.052249590555824,18.289208094278973,10.373674774169922
2025-08-09 09:00:00+00:00,42.489707946777344,19.825916449228924,11.168608061472575
2025-08-09 10:00:00+00:00,49.91595808664957,19.774083296457928,11.041499996185303
2025-08-09 11:00:00+00:00,54.90979131062826,19.54862515131633,11.019341818491624
2025-08-09 12:00:00+00:00,49.00404167175293,21.50991662343343,12.007208315531411
2025-08-09 13:00:00+00:00,49.51091702779134,21.977749506632488,12.131841087341309
2025-08-09 14:00:00+00:00,56.328749656677246,20.61916669209798,11.37840003967285
2025-08-09 15:00:00+00:00,52.27058347066244,20.237458388010666,11.283233420054122
2025-08-09 16:00:00+00:00,56.4869581858317,19.444833119710285,10.995766576131183
2025-08-09 17:00:00+00:00,71.90058326721191,19.32808287938436,11.120832856496177
2025-08-09 18:00:00+00:00,91.38045819600424,19.20941670735677,11.120924949645996
2025-08-09 19:00:00+00:00,103.31233406066896,18.8337500890096,10.948366737365722
2025-08-09 20:00:00+00:00,82.51150131225586,18.4366668065389,10.778700256347655
2025-08-09 21:00:00+00:00,78.1850414276123,18.61125008265177,10.885216744740802
2025-08-09 22:00:00+00:00,72.24383481343587,18.75020837783813,10.921233272552486
2025-08-09 23:00:00+00:00,65.16241614023845,18.76812473932902,10.64230801264445
2025-08-10 00:00:00+00:00,52.97783374786377,18.541750113169357,9.997708288828537
2025-08-10 01:00:00+00:00,49.138458251953125,17.742666562398274,9.397333145141602
2025-08-10 02:00:00+00:00,46.37141672770182,17.38737456003825,9.323316256205242
2025-08-10 03:00:00+00:00,40.81920846303304,17.34899965922038,9.311816279093426
2025-08-10 04:00:00+00:00,49.67020893096924,17.050458431243896,9.125058460235596
2025-08-10 05:00:00+00:00,60.24084726969401,17.263985951741535,9.388477516174316
2025-08-10 06:00:00+00:00,43.775458017985024,18.330458164215088,9.802883179982503
2025-08-10 07:00:00+00:00,47.44599978129069,19.784791946411133,10.574017016092936
2025-08-10 08:00:00+00:00,52.699874560038246,21.60716676712036,11.586700216929119
2025-08-10 09:00:00+00:00,59.21587530771891,23.396833578745525,12.705716991424561
2025-08-10 10:00:00+00:00,51.80195903778076,26.45062494277954,14.861466630299885
2025-08-10 11:00:00+00:00,42.6448335647583,27.74275016784668,15.567875099182128
2025-08-10 12:00:00+00:00,34.37754154205322,28.12370840708415,15.857633336385092
2025-08-10 13:00:00+00:00,37.31874990463257,28.69212468465169,16.126857948303222
2025-08-10 14:00:00+00:00,50.622374852498375,28.052249749501545,15.720799795786538
2025-08-10 15:00:00+00:00,49.15933354695638,24.36370849609375,13.17484188079834
2025-08-10 16:00:00+00:00,60.78745778401693,21.94137446085612,11.792149607340498
2025-08-10 17:00:00+00:00,58.08133347829183,21.18137550354004,11.645725504557292
2025-08-10 18:00:00+00:00,51.15904140472412,20.504916667938232,11.482508373260497
2025-08-10 19:00:00+00:00,47.66529146830241,19.76408338546753,11.597233359018963
2025-08-10 20:00:00+00:00,47.37520853678385,19.11091645558675,11.24110813140869
2025-08-10 21:00:00+00:00,43.36479155222575,18.279624938964844,10.377066485087077
2025-08-10 22:00:00+00:00,36.37995529174805,17.10990923101252,9.431300180608577
2025-08-10 23:00:00+00:00,32.32487487792969,18.099666754404705,9.70171683629354
2025-08-11 00:00:00+00:00,29.815999666849773,18.317166646321613,9.884749921162921
2025-08-11 01:00:00+00:00,25.569666544596355,18.75279172261556,10.01393337249756
2025-08-11 02:00:00+00:00,26.58579174677531,18.170499960581463,9.548983351389568
2025-08-11 03:00:00+00:00,27.790875275929768,18.1618332862854,9.71354996363322
2025-08-11 04:00:00+00:00,34.44912528991699,18.18683322270711,9.713033326466878
2025-08-11 05:00:00+00:00,36.19324970245361,18.607500235239662,9.868116855621334
2025-08-11 06:00:00+00:00,37.78345902760824,19.427917003631592,10.337358697255452
2025-08-11 07:00:00+00:00,41.958083152771,21.0667085647583,11.242533493041993
2025-08-11 08:00:00+00:00,47.33083375295004,23.12904167175293,12.55369160970052
2025-08-11 09:00:00+00:00,46.13741683959961,24.85087490081787,13.642324956258138
2025-08-11 10:00:00+00:00,38.880249977111816,26.488291422526043,14.570633188883464
2025-08-11 11:00:00+00:00,33.956791718800865,27.39337507883708,15.261191813151047
2025-08-11 12:00:00+00:00,40.24587472279867,28.426583290100098,15.866091537475587
2025-08-11 13:00:00+00:00,40.25458319981893,27.94141658147176,15.532383251190184
2025-08-11 14:00:00+00:00,47.25100040435791,26.930458227793377,14.820308208465576
2025-08-11 15:00:00+00:00,45.32079156239828,24.03629159927368,12.90693318049113
2025-08-11 16:00:00+00:00,40.58037439982096,22.419999917348225,11.848174889882404
2025-08-11 17:00:00+00:00,41.87137508392334,20.92329168319702,11.034741687774657
2025-08-11 18:00:00+00:00,43.1319580078125,20.75600020090739,11.06502520243327
2025-08-11 19:00:00+00:00,38.89887491861979,20.4075829188029,10.789157994588217
2025-08-11 20:00:00+00:00,36.25708325703939,20.42241636912028,10.719849904378258
2025-08-11 21:00:00+00:00,34.47262477874756,20.004000027974445,10.36829179128011
2025-08-11 22:00:00+00:00,34.355499903361,19.814000129699707,10.303775151570637
2025-08-11 23:00:00+00:00,32.48620859781901,19.488583087921143,10.269849681854248
2025-08-12 00:00:00+00:00,33.522667249043785,19.51462523142497,10.529841931660972
2025-08-12 01:00:00+00:00,35.490166982014976,19.11108382542928,10.43610881169637
2025-08-12 02:00:00+00:00,35.330416679382324,19.06458346048991,10.411066754659018
2025-08-12 03:00:00+00:00,36.73812452952067,19.0262082417806,10.378141466776531
2025-08-12 04:00:00+00:00,44.85462443033854,18.959333101908367,10.408141390482584
2025-08-12 05:00:00+00:00,43.02279122670492,18.88699992497762,10.503274885813394
2025-08-12 06:00:00+00:00,38.43341636657715,18.602208614349365,10.284608554840087
2025-08-12 07:00:00+00:00,43.15862464904785,19.166208426157635,10.745066738128664
2025-08-12 08:00:00+00:00,46.281083742777504,20.641000111897785,11.393066787719725
2025-08-12 09:00:00+00:00,43.89329115549723,21.867541790008545,11.842083390553793
2025-08-12 10:00:00+00:00,47.23129177093506,22.943374792734783,12.378558190663657
2025-08-12 11:00:00+00:00,51.29708290100098,24.36062479019165,13.356883080800374
2025-08-12 12:00:00+00:00,69.43441581726074,23.295499801635746,12.721299807230636
2025-08-12 13:00:00+00:00,61.4537083307902,22.362958431243896,11.996833515167236
2025-08-12 14:00:00+00:00,49.47320874532064,21.76845820744832,11.594091510772701
2025-08-12 15:00:00+00:00,57.11320813496908,22.11875009536743,11.811708418528239
2025-08-12 16:00:00+00:00,91.41670767466228,21.241291522979736,11.287908140818278
2025-08-12 17:00:00+00:00,69.0744997660319,20.735750198364254,11.225325075785316
2025-08-12 18:00:00+00:00,74.59624989827473,20.68191703160604,11.158150386810307
2025-08-12 19:00:00+00:00,81.7093334197998,20.609208424886067,11.181608454386392
2025-08-12 20:00:00+00:00,86.77624893188477,20.284499963124592,11.111324977874755
2025-08-12 21:00:00+00:00,91.93787511189778,19.99650001525879,11.016458320617676
2025-08-12 22:00:00+00:00,87.80658276875813,19.716333866119385,10.918625545501708
2025-08-12 23:00:00+00:00,70.35600026448567,19.02774985631307,10.2616748491923
2025-08-13 00:00:00+00:00,40.21683311462402,19.085292021433517,9.896675332387293
2025-08-13 01:00:00+00:00,37.13125038146973,18.464000066121415,9.454675102233882
2025-08-13 02:00:00+00:00,35.28333377838135,18.27874978383382,9.380783144632973
2025-08-13 03:00:00+00:00,35.081166903177895,18.035000165303547,9.245358530680337
2025-08-13 04:00:00+00:00,31.105541706085205,17.70295794804891,8.883324654897052
2025-08-13 05:00:00+00:00,33.83241685231527,18.04308319091797,9.124016443888348
2025-08-13 06:00:00+00:00,38.09349981943766,19.041374683380127,9.567783069610595
2025-08-13 07:00:00+00:00,35.02662499745687,20.441749890645344,10.379058138529459
2025-08-13 08:00:00+00:00,39.90979162851969,21.65620867411296,11.127992121378586
2025-08-13 09:00:00+00:00,45.594957987467446,23.36874993642171,12.210524940490721
2025-08-13 10:00:00+00:00,55.21387545267741,24.561208089192707,13.078832944234211
2025-08-13 11:00:00+00:00,58.39662456512451,27.65933354695638,15.170508448282876
2025-08-13 12:00:00+00:00,60.19758256276449,29.067125002543133,16.13450838724772
2025-08-13 13:00:00+00:00,58.85091654459635,29.973541736602783,16.80463336308797
2025-08-13 14:00:00+00:00,54.27304140726725,28.6308749516805,15.74235827128092
2025-08-13 15:00:00+00:00,47.727166175842285,25.27958329518636,13.35023333231608
2025-08-13 16:00:00+00:00,56.722625096639,23.259875456492107,12.183308823903403
2025-08-13 17:00:00+00:00,80.04462496439616,22.405583381652832,11.968383344014486
2025-08-13 18:00:00+00:00,73.38620821634929,22.241166909535725,12.133958530426025
2025-08-13 19:00:00+00:00,60.05033334096273,21.3077499071757,11.771566486358644
2025-08-13 20:00:00+00:00,65.02800019582112,20.713000297546387,11.128525352478027
2025-08-13 21:00:00+00:00,42.96291716893514,20.01970831553141,9.935350036621092
2025-08-13 22:00:00+00:00,25.59099992116292,19.53749990463257,9.134933185577392
2025-08-13 23:00:00+00:00,30.407277901967365,18.12273597717285,8.380730374654133
2025-08-14 00:00:00+00:00,31.846333344777424,17.170458634694416,8.039392058054604
2025-08-14 01:00:00+00:00,25.97454166412353,17.620458126068115,8.496799818674724
2025-08-14 02:00:00+00:00,39.344291528066,18.318957964579266,8.966641235351563
2025-08-14 03:00:00+00:00,54.61362504959106,17.29550011952718,8.178000132242836
2025-08-14 04:00:00+00:00,48.88179175059,16.039249976476032,7.322633409500121
2025-08-14 05:00:00+00:00,50.05670849482218,16.44658335049947,7.806891679763794
2025-08-14 06:00:00+00:00,30.50624990463257,20.066458225250244,10.0126083056132
2025-08-14 07:00:00+00:00,33.854541619618736,24.119666576385494,12.463049856821693
2025-08-14 08:00:00+00:00,39.837708155314125,26.446624914805096,13.897566636403404
2025-08-14 09:00:00+00:00,49.31783358256022,27.29798634847005,14.47163372039795
2025-08-14 10:00:00+00:00,49.90970802307129,29.389458497365315,16.02992502848307
2025-08-14 11:00:00+00:00,36.41633319854736,31.559083461761475,17.59971675872803
2025-08-14 12:00:00+00:00,27.96149995591905,30.59327761332194,16.807077704535594
2025-08-14 13:00:00+00:00,27.37570826212565,30.431208451588947,16.61620839436849
2025-08-14 14:00:00+00:00,29.89466619491577,29.842875003814697,16.179483286539714
2025-08-14 15:00:00+00:00,38.76395797729492,27.76112492879232,14.541049861907963
2025-08-14 16:00:00+00:00,41.07504145304362,25.317416667938232,12.955566628774006
2025-08-14 17:00:00+00:00,47.03583367665609,23.20024983088176,11.956508223215744
2025-08-14 18:00:00+00:00,45.45045852661133,22.66087516148885,11.968216800689698
2025-08-14 19:00:00+00:00,47.34220790863037,21.43666664759318,11.90829159418742
2025-08-14 20:00:00+00:00,39.43879191080729,21.33799950281779,11.265199375152589
2025-08-14 21:00:00+00:00,36.25170866648356,20.386958758036297,10.220000394185385
2025-08-14 22:00:00+00:00,29.46049992243449,19.13312530517578,9.495991897583007
2025-08-14 23:00:00+00:00,27.020166714986164,18.869499683380127,9.54792464574178
2025-08-15 00:00:00+00:00,14.217458407084148,19.145708719889324,10.16580874125163
2025-08-15 01:00:00+00:00,8.241249998410543,19.56695858637492,10.595308653513591
2025-08-15 02:00:00+00:00,12.20158322652181,19.31095806757609,10.48969971338908
2025-08-15 03:00:00+00:00,14.193874915440878,19.48837486902873,10.640674877166749
2025-08-15 04:00:00+00:00,21.02312485376994,19.585750102996823,10.718766816457109
2025-08-15 05:00:00+00:00,29.96054188410441,19.724250316619877,10.79181693394979
2025-08-15 06:00:00+00:00,34.54812494913737,20.25516684850057,11.119350274403889
2025-08-15 07:00:00+00:00,35.03870836893717,21.27533324559529,11.562399895985916
2025-08-15 08:00:00+00:00,36.24233357111613,23.059500058492024,12.582983271280924
2025-08-15 09:00:00+00:00,35.088541666666664,23.920958201090496,12.961033248901368
2025-08-15 10:00:00+00:00,35.16266663869222,25.60145839055379,13.962075010935465
2025-08-15 11:00:00+00:00,32.89912557601929,27.683166821797688,15.168591753641763
2025-08-15 12:00:00+00:00,34.71920887629191,28.000874996185303,15.258699957529704
2025-08-15 13:00:00+00:00,38.39041646321615,29.29258330663045,16.239799912770586
2025-08-15 14:00:00+00:00,43.8574161529541,27.7756249109904,15.094708188374838
2025-08-15 15:00:00+00:00,42.14591693878174,25.46837504704793,13.563374996185303
2025-08-15 16:00:00+00:00,45.63325055440267,23.361833254496258,12.24990832010905
2025-08-15 17:00:00+00:00,54.348874727884926,22.248708566029865,11.743233521779377
2025-08-15 18:00:00+00:00,43.99258327484131,22.075458526611328,11.899933433532713
2025-08-15 19:00:00+00:00,20.928500016530357,22.0446252822876,11.940758705139164
2025-08-15 20:00:00+00:00,7.623916665712993,21.351791540781655,11.660299841562905
2025-08-15 21:00:00+00:00,6.300875027974446,20.938708305358887,11.49420820871989
2025-08-15 22:00:00+00:00,5.78124996026357,20.80795764923096,11.402465947469079
2025-08-15 23:00:00+00:00,5.749416669209798,20.39704132080078,11.166366386413575
2025-08-16 00:00:00+00:00,5.676708340644836,20.29041624069214,11.187974580128987
2025-08-16 01:00:00+00:00,5.188041687011719,20.180416742960613,11.167300160725913
2025-08-16 02:00:00+00:00,9.950433349609375,19.29433339436849,11.02384012858073
2025-08-16 03:00:00+00:00,14.71282501220703,18.408250045776366,10.880380096435548
2025-08-16 04:00:00+00:00,19.475216674804685,17.522166697184247,10.736920064290365
2025-08-16 05:00:00+00:00,24.237608337402342,16.636083348592123,10.593460032145183
2025-08-16 06:00:00+00:00,29.0,15.75,10.45
2025-08-16 07:00:00+00:00,28.112416585286457,22.809624989827476,13.31025002797445
2025-08-16 08:00:00+00:00,25.53404172261556,26.36441644032796,15.030041440327961
2025-08-16 09:00:00+00:00,26.9874161084493,27.460750261942547,15.570600255330405
2025-08-16 10:00:00+00:00,27.96229139963786,26.021458466847736,15.117400137583413
2025-08-16 11:00:00+00:00,24.739041646321613,28.77137517929077,16.619258467356364
2025-08-16 12:00:00+00:00,23.674541473388672,29.139124870300293,16.700333213806154
2025-08-16 13:00:00+00:00,24.91374988555908,30.17285003662109,17.37427986145019
2025-08-16 14:00:00+00:00,28.541895389556885,24.236541748046875,13.519450092315676
2025-08-16 15:00:00+00:00,35.56258328755697,25.72083346048991,14.538041814168295
2025-08-16 16:00:00+00:00,43.86475022633871,22.39341688156128,12.839283593495688
2025-08-16 17:00:00+00:00,42.46341641743978,21.35599994659424,12.763499959309895
2025-08-16 18:00:00+00:00,39.4632085164388,20.945833524068195,12.610458501180013
2025-08-16 19:00:00+00:00,35.450499852498375,21.03512493769328,12.602283318837486
2025-08-16 20:00:00+00:00,32.292875130971275,20.905499935150143,12.48671655654907
2025-08-16 21:00:00+00:00,28.5056250890096,20.701124986012776,12.350575033823647
2025-08-16 22:00:00+00:00,25.591583251953125,20.483916918436687,12.094233640034995
2025-08-16 23:00:00+00:00,20.74624999364217,20.1693754196167,11.738417116800944
2025-08-17 00:00:00+00:00,21.66795841852824,19.591917037963867,11.146583811442058
2025-08-17 01:00:00+00:00,23.322500069936115,19.52804183959961,11.179983393351238
2025-08-17 02:00:00+00:00,25.733666737874348,19.607833703358967,11.190158430735268
2025-08-17 03:00:00+00:00,28.04186105728149,18.718000094095867,10.27318916320801
2025-08-17 04:00:00+00:00,27.388208389282227,18.079291820526123,9.819216950734456
2025-08-17 05:00:00+00:00,30.9699166615804,18.45745849609375,10.30274175008138
2025-08-17 06:00:00+00:00,30.84945837656657,20.775000254313152,12.116408602396648
2025-08-17 07:00:00+00:00,25.395541667938232,23.3738751411438,13.5680251121521
2025-08-17 08:00:00+00:00,24.593916416168213,25.869916756947838,14.911791833241782
2025-08-17 09:00:00+00:00,22.73154179255168,27.82050005594889,16.145625050862627
2025-08-17 10:00:00+00:00,23.96683359146118,27.09450038274129,15.543017101287841
2025-08-17 11:00:00+00:00,23.993083477020264,27.182083288828533,15.700299866994223
2025-08-17 12:00:00+00:00,25.283250013987224,31.114041646321613,18.096741676330566
2025-08-17 13:00:00+00:00,30.865041255950928,27.85008351008097,15.675900173187253
2025-08-17 14:00:00+00:00,38.7444585164388,25.098666826883957,14.32445023854574
2025-08-17 15:00:00+00:00,45.31787522633871,23.42229127883911,13.383516152699787
2025-08-17 16:00:00+00:00,59.08758322397868,23.14020824432373,13.620266596476238
2025-08-17 17:00:00+00:00,49.07137489318848,22.38895845413208,13.191133467356364
2025-08-17 18:00:00+00:00,40.60962518056234,21.801833629608154,12.777183628082275
2025-08-17 19:00:00+00:00,42.26454226175944,21.089083353678387,12.391500091552736
2025-08-17 20:00:00+00:00,40.8064161936442,20.28279145558675,12.061841583251953
2025-08-17 21:00:00+00:00,41.78533395131429,20.33079131444295,12.19289134343465
2025-08-17 22:00:00+00:00,41.34724998474121,20.333624839782715,12.165716616312663
2025-08-17 23:00:00+00:00,40.02524979909261,20.302499771118164,12.149108123779296
2025-08-18 00:00:00+00:00,41.90383338928223,20.449666659037277,12.244599978129072
2025-08-18 01:00:00+00:00,40.05533345540365,20.501166820526123,12.198675187428792
2025-08-18 02:00:00+00:00,38.8146251042684,20.30883264541626,12.036624177296956
2025-08-18 03:00:00+00:00,39.264166831970215,20.34149964650472,12.108099619547524
2025-08-18 04:00:00+00:00,33.92516644795736,20.040375073750813,11.891800181070963
2025-08-18 05:00:00+00:00,34.19474983215332,19.87066602706909,11.763424460093177
2025-08-18 06:00:00+00:00,40.01850001017253,19.976499875386555,11.813008244832357
2025-08-18 07:00:00+00:00,43.04479217529297,20.059916655222576,11.86256659825643
2025-08-18 08:00:00+00:00,40.78538852267795,19.878999710083008,11.736221864488389
2025-08-18 09:00:00+00:00,38.893646240234375,17.6164790391922,11.396287369728089
2025-08-18 10:00:00+00:00,35.3102502822876,20.465166409810383,12.289108022054036
2025-08-18 11:00:00+00:00,31.62891658147176,20.50624990463257,12.207624912261963
2025-08-18 12:00:00+00:00,21.770416895548504,20.158416748046875,11.962741661071778
2025-08-18 13:00:00+00:00,20.16037503878276,19.71058320999145,11.642591571807857
2025-08-18 14:00:00+00:00,19.05187487602234,19.96862490971883,11.782641569773354
2025-08-18 15:00:00+00:00,28.268041451772053,19.898333231608078,11.683649826049809
2025-08-18 16:00:00+00:00,33.040708700815834,19.50749985376994,11.432449754079187
2025-08-18 17:00:00+00:00,31.64724969863892,19.08708333969116,11.100941689809158
2025-08-18 18:00:00+00:00,34.20475006103516,18.988083044687908,10.906149768829346
2025-08-18 19:00:00+00:00,32.15470806757609,18.861999829610188,10.818566449483235
2025-08-18 20:00:00+00:00,32.64650011062622,18.767041365305584,10.698491382598878
2025-08-18 21:00:00+00:00,34.94466686248779,18.849416255950928,10.711999607086181
2025-08-18 22:00:00+00:00,37.35354200998942,18.91012461980184,10.674307854970298
2025-08-18 23:00:00+00:00,35.2672503789266,19.0585412979126,10.760791269938155
2025-08-19 00:00:00+00:00,34.145124753316246,19.0490419069926,10.723425197601323
2025-08-19 01:00:00+00:00,34.71920839945475,19.004958470662437,10.717166646321617
2025-08-19 02:00:00+00:00,34.69705549875895,19.035264015197757,10.711044565836593
2025-08-19 03:00:00+00:00,36.56195863087972,19.1023751894633,10.770716762542726
2025-08-19 04:00:00+00:00,35.94204139709473,19.17958386739095,10.857834053039552
2025-08-19 05:00:00+00:00,39.53525002797445,19.355958461761475,11.030116875966389
2025-08-19 06:00:00+00:00,40.99945799509684,19.758624871571858,11.286516602834066
2025-08-19 07:00:00+00:00,43.22820790608724,19.887458483378094,11.285191917419434
2025-08-19 08:00:00+00:00,43.66058317820231,19.6872083346049,11.216925080617271
2025-08-19 09:00:00+00:00,45.5134162902832,19.52341651916504,11.214674758911134
2025-08-19 10:00:00+00:00,42.763625144958496,20.83662478129069,11.8924249013265
2025-08-19 11:00:00+00:00,39.54941654205322,22.137750148773197,12.478616809844974
2025-08-19 12:00:00+00:00,41.713667233785,21.4486665725708,11.958558209737141
2025-08-19 13:00:00+00:00,40.62624963124593,21.28416681289673,11.762766806284587
2025-08-19 14:00:00+00:00,39.190375645955406,22.2084166208903,12.350816663106285
2025-08-19 15:00:00+00:00,42.28129196166992,22.320374965667725,12.297974999745687
2025-08-19 16:00:00+00:00,79.07358455657959,21.156041781107582,11.987975056966144
2025-08-19 17:00:00+00:00,80.81745494495739,19.50690893693404,11.177081749655985
2025-08-19 18:00:00+00:00,66.48487504323323,19.652374744415283,11.286316331227619
2025-08-19 19:00:00+00:00,56.29591623942057,19.8451665242513,11.225583203633626
2025-08-19 20:00:00+00:00,53.55762481689453,19.691083590189617,11.033100255330405
2025-08-19 21:00:00+00:00,51.61229165395101,19.50412495930989,10.7750165939331
2025-08-19 22:00:00+00:00,48.67295837402344,18.979958375295,10.143983491261796
2025-08-19 23:00:00+00:00,50.84879207611084,18.243666807810467,9.788283379872643
2025-08-20 00:00:00+00:00,47.42241636912028,18.61170848210653,10.174375184377038
2025-08-20 01:00:00+00:00,43.215041160583496,18.711125532786053,10.194192091623943
2025-08-20 02:00:00+00:00,39.681041399637856,18.705334186553955,10.077100849151611
2025-08-20 03:00:00+00:00,38.134125073750816,18.505291779836018,9.861483542124429
2025-08-20 04:00:00+00:00,41.14479192097982,17.715916633605957,9.19696667989095
2025-08-20 05:00:00+00:00,61.373458544413246,17.712707996368408,9.391858132680257
2025-08-20 06:00:00+00:00,42.21070861816406,19.116125265757244,10.32933365503947
2025-08-20 07:00:00+00:00,38.6727081934611,21.435375054677326,11.447100035349527
2025-08-20 08:00:00+00:00,37.1185417175293,23.60791667302449,12.442458248138424
2025-08-20 09:00:00+00:00,38.38220818837484,24.338624954223636,12.991375033060713
2025-08-20 10:00:00+00:00,34.36137453715006,24.980208079020183,13.502216402689617
2025-08-20 11:00:00+00:00,33.01099967956543,26.14912525812785,14.321900335947674
2025-08-20 12:00:00+00:00,33.18529176712036,26.979541619618733,14.461924839019774
2025-08-20 13:00:00+00:00,33.74662558237711,26.00412511825561,13.631433391571042
2025-08-20 14:00:00+00:00,37.95095761617025,24.07237497965495,12.563783327738445
2025-08-20 15:00:00+00:00,45.46062533060709,23.20324993133545,12.07425816853841
2025-08-20 16:00:00+00:00,49.657457987467446,21.58787488937378,11.317866484324139
2025-08-20 17:00:00+00:00,78.91962591807048,19.984500249226887,10.492550214131672
2025-08-20 18:00:00+00:00,80.07241503397624,19.091833114624023,9.993033027648925
2025-08-20 19:00:00+00:00,96.84204165140788,18.90195814768473,9.880424817403156
2025-08-20 20:00:00+00:00,84.71558252970378,18.164999961853027,9.424483235677084
2025-08-20 21:00:00+00:00,69.82129192352295,17.619458834330242,9.124383862813316
2025-08-20 22:00:00+00:00,45.8447494506836,17.896416346232098,9.320657984415691
2025-08-20 23:00:00+00:00,31.097055117289223,17.967000007629395,9.399455579121907
2025-08-21 00:00:00+00:00,19.186625162760414,18.45512517293294,9.96675853729248
2025-08-21 01:00:00+00:00,18.50520857175191,18.707499821980797,10.108358128865563
2025-08-21 02:00:00+00:00,14.999416589736938,18.40520811080933,9.889266618092858
2025-08-21 03:00:00+00:00,18.53245814641317,18.435750007629395,9.921891657511395
2025-08-21 04:00:00+00:00,21.998375097910564,18.397916316986084,9.95897461573283
2025-08-21 05:00:00+00:00,27.91083351771037,18.39891624450684,10.038566271464035
2025-08-21 06:00:00+00:00,32.79941622416178,19.02845827738444,10.445399920145672
2025-08-21 07:00:00+00:00,32.49537515640259,21.61649990081787,11.685383224487305
2025-08-21 08:00:00+00:00,32.95495859781901,22.52845811843872,11.9509747505188
2025-08-21 09:00:00+00:00,33.89862537384033,22.082958062489823,11.880491479237872
2025-08-21 10:00:00+00:00,35.805958112080894,22.49899975458781,12.101033115386963
2025-08-21 11:00:00+00:00,37.433624903361,24.072583039601643,13.057591342926024
2025-08-21 12:00:00+00:00,31.844000180562336,26.224374771118164,14.301166407267253
2025-08-21 13:00:00+00:00,27.326625029246014,26.376333554585774,14.122966957092286
2025-08-21 14:00:00+00:00,26.077208360036213,25.809916655222576,13.532066758473716
2025-08-21 15:00:00+00:00,36.00612513224284,24.418791611989334,12.804541619618728
2025-08-21 16:00:00+00:00,49.40404192606608,22.094541708628338,11.790333271026611
2025-08-21 17:00:00+00:00,62.94129180908203,21.091041564941406,11.421058146158854
2025-08-21 18:00:00+00:00,75.60791619618733,20.62095832824707,11.283999951680501
2025-08-21 19:00:00+00:00,62.64566516876221,19.751916726430256,10.644666767120361
2025-08-21 20:00:00+00:00,59.39858373006185,19.050208568573,10.234183533986412
2025-08-21 21:00:00+00:00,50.181583404541016,18.690083503723145,9.90127518971761
2025-08-21 22:00:00+00:00,43.912166913350426,18.68833335240682,9.883325036366779
2025-08-21 23:00:00+00:00,31.35241635640462,19.233708381652832,10.15587501525879
2025-08-22 00:00:00+00:00,17.0798335870107,18.923375288645428,9.639200305938722
2025-08-22 01:00:00+00:00,13.376083374023438,18.432916800181072,9.263608519236248
2025-08-22 02:00:00+00:00,12.176416794459024,18.199958006540932,9.207782967885333
2025-08-22 03:00:00+00:00,12.358875115712484,18.135499795277912,9.144608147939046
2025-08-22 04:00:00+00:00,13.957333405812582,18.04083331425985,8.975025018056236
2025-08-22 05:00:00+00:00,24.069958448410038,18.091583251953125,9.052649943033854
2025-08-22 06:00:00+00:00,8.258708238601685,18.862499872843426,9.269266573588055
2025-08-22 07:00:00+00:00,11.816999912261965,20.169874668121334,9.97961626052856
2025-08-22 08:00:00+00:00,21.521375099817917,21.827041784922283,11.01853335698446
2025-08-22 09:00:00+00:00,21.979958534240723,25.5831249554952,13.472083187103275
2025-08-22 10:00:00+00:00,15.692208290100098,26.508833249409992,13.814433161417641
2025-08-22 11:00:00+00:00,19.117791493733723,27.606666723887127,14.63809175491333
2025-08-22 12:00:00+00:00,19.58391666412353,28.673083464304607,15.270266787211101
2025-08-22 13:00:00+00:00,20.11775000890096,26.471666653951008,13.578916613260901
2025-08-22 14:00:00+00:00,30.633708477020264,24.2374169031779,12.426733589172365
2025-08-22 15:00:00+00:00,30.7081249554952,23.641208330790203,12.128558349609376
2025-08-22 16:00:00+00:00,36.65954176584879,22.49566666285197,11.52045831680298
2025-08-22 17:00:00+00:00,33.0487494468689,21.02358341217041,10.51079184214274
2025-08-22 18:00:00+00:00,42.69350020090739,20.417208194732662,10.529974905649818
2025-08-22 19:00:00+00:00,44.61825021107992,20.073916912078857,10.379850228627522
2025-08-22 20:00:00+00:00,40.7252082824707,20.061208566029865,10.334533468882242
2025-08-22 21:00:00+00:00,27.057583491007488,19.843541622161865,10.449816672007243
2025-08-22 22:00:00+00:00,10.926916599273682,19.226999759674072,10.277108160654704
2025-08-22 23:00:00+00:00,6.254083315531413,19.072333653767902,10.029066975911457
2025-08-23 00:00:00+00:00,4.508166670799255,18.844749927520752,9.861958154042561
2025-08-23 01:00:00+00:00,4.925041675567627,18.515666643778484,9.624383227030437
2025-08-23 02:00:00+00:00,5.5093332926432295,18.22499990463257,9.279433218638102
2025-08-23 03:00:00+00:00,6.795958320299785,17.83645788828532,8.933557891845703
2025-08-23 04:00:00+00:00,8.612916707992554,17.81274954477946,8.90177459716797
2025-08-23 05:00:00+00:00,21.86104186375936,17.939749717712402,8.973033014933268
2025-08-23 06:00:00+00:00,21.311625162760414,18.737541675567627,9.498425006866455
2025-08-23 07:00:00+00:00,28.61145846048991,19.917208194732662,10.18716650009155
2025-08-23 08:00:00+00:00,26.083458423614506,20.860416253407795,10.711333052317299
2025-08-23 09:00:00+00:00,26.62541659673055,20.805874983469646,10.57795000076294
2025-08-23 10:00:00+00:00,28.94920825958252,21.95508337020874,11.309933376312255
2025-08-23 11:00:00+00:00,29.960041364034016,22.553666432698567,11.688191413879395
2025-08-23 12:00:00+00:00,25.336541652679443,25.07324981689453,13.168491490681966
2025-08-23 13:00:00+00:00,24.009875456492107,24.28291686375936,12.566616853078209
2025-08-23 14:00:00+00:00,27.644333521525063,24.132500012715656,12.323375066121418
2025-08-23 15:00:00+00:00,42.241250356038414,22.23662503560384,11.253425089518228
2025-08-23 16:00:00+00:00,54.80441697438558,21.33812475204468,10.954724725087488
2025-08-23 17:00:00+00:00,70.83420785268147,20.45883337656657,10.590750058492027
2025-08-23 18:00:00+00:00,66.51763947804768,20.251944541931152,10.371483421325683
2025-08-23 19:00:00+00:00,53.33145840962728,19.84524981180827,9.851341565450033
2025-08-23 20:00:00+00:00,46.50824960072836,19.654082775115967,9.874624411265057
2025-08-23 21:00:00+00:00,28.70641668637593,19.398749669392902,9.846207936604817
2025-08-23 22:00:00+00:00,6.917041659355164,19.396833101908367,9.774649810791017
2025-08-23 23:00:00+00:00,2.5436666707197824,19.05412515004476,9.635641797383629
2025-08-24 00:00:00+00:00,1.2365416487058003,18.811708291371662,9.639591439565022
2025-08-24 01:00:00+00:00,1.2376666615406673,18.720833619435627,9.495175329844155
2025-08-24 02:00:00+00:00,1.732458343108495,18.24287509918213,9.102166748046875
2025-08-24 03:00:00+00:00,2.7430833081404367,17.81166648864746,8.8404665629069
2025-08-24 04:00:00+00:00,3.711875031391779,17.018041610717773,8.120816548665363
2025-08-24 05:00:00+00:00,8.21987489859263,17.26795832316081,8.472358322143556
2025-08-24 06:00:00+00:00,5.996416638294856,20.787291685740158,10.432608318328862
2025-08-24 07:00:00+00:00,15.262708187103271,22.41679159800212,11.217108281453458
2025-08-24 08:00:00+00:00,8.123916586240133,24.99991623560588,13.01731615066529
2025-08-24 09:00:00+00:00,12.631687611341476,24.942937254905704,13.025620579719547
2025-08-24 10:00:00+00:00,17.139458636442818,24.885958274205528,13.033925008773807
2025-08-24 11:00:00+00:00,21.647229661544163,24.828979293505352,13.042229437828066
2025-08-24 12:00:00+00:00,26.155000686645508,24.772000312805176,13.050533866882324
2025-08-24 13:00:00+00:00,23.024791558583576,27.430041472117107,14.63689972559611
2025-08-24 14:00:00+00:00,18.170250097910564,27.50062449773153,14.671282863616948
2025-08-24 15:00:00+00:00,19.822333256403606,26.17224995295207,13.751883284250896
2025-08-24 16:00:00+00:00,21.63624970118205,23.721833388010666,12.119941616058354
2025-08-24 17:00:00+00:00,22.755374431610107,22.68941656748454,11.529058392842613
2025-08-24 18:00:00+00:00,16.74091676870982,21.88241672515869,11.426100031534832
2025-08-24 19:00:00+00:00,5.582458297411601,21.245041529337566,11.744849904378256
2025-08-24 20:00:00+00:00,7.372291644414266,20.983750184377037,12.034341907501224
2025-08-24 21:00:00+00:00,4.308791677157084,20.823999881744385,11.932141526540121
2025-08-24 22:00:00+00:00,4.225916663805644,20.26908302307129,11.624741427103679
2025-08-24 23:00:00+00:00,2.994374990463257,20.256791432698567,11.603933080037434
2025-08-25 00:00:00+00:00,2.482124994198481,20.124125162760414,11.553450202941892
2025-08-25 01:00:00+00:00,2.335666706164678,19.766166528066,11.323099803924563
2025-08-25 02:00:00+00:00,2.2693333327770238,19.67379220326741,11.19128379821777
2025-08-25 03:00:00+00:00,4.446666677792867,19.475333213806152,11.065558052062988
2025-08-25 04:00:00+00:00,3.081791619459788,19.173666795094807,10.781266816457112
2025-08-25 05:00:00+00:00,19.847291479508083,18.92366631825765,10.270949808756509
2025-08-25 06:00:00+00:00,4.373249977827072,20.3791667620341,10.57330846786499
2025-08-25 07:00:00+00:00,14.206416547298431,24.067416667938232,12.79303337732951
2025-08-25 08:00:00+00:00,17.245916684468586,26.84445826212565,14.574891535441079
2025-08-25 09:00:00+00:00,10.070208350817362,27.24104166030884,14.884908326466881
2025-08-25 10:00:00+00:00,12.85979167620341,28.33333333333333,15.654866727193193
2025-08-25 11:00:00+00:00,18.370791753133137,29.04379145304362,16.108691342671715
2025-08-25 12:00:00+00:00,19.575916687647503,29.65174992879232,16.48385826746623
2025-08-25 13:00:00+00:00,19.123624960581463,31.37962516148885,17.643008422851565
2025-08-25 14:00:00+00:00,22.741832892100017,30.88916667302449,17.125508308410637
2025-08-25 15:00:00+00:00,26.18441645304362,27.827208360036213,14.77630828221639
2025-08-25 16:00:00+00:00,49.04599905014038,24.68962526321411,12.855008538564046
2025-08-25 17:00:00+00:00,43.95483303070069,23.193833192189533,12.115783087412515
2025-08-25 18:00:00+00:00,27.48487488428752,22.52579148610433,11.605449867248534
2025-08-25 19:00:00+00:00,17.03570818901062,21.3233749071757,11.042741552988689
2025-08-25 20:00:00+00:00,9.440666596094768,20.78404172261556,11.045625050862629
2025-08-25 21:00:00+00:00,4.245208323001862,19.754875024159748,10.486574967702229
2025-08-25 22:00:00+00:00,2.4637083411216736,19.618666648864743,10.38587493896484
2025-08-25 23:00:00+00:00,1.4770416965087254,19.297749837239586,10.262905311584475
2025-08-26 00:00:00+00:00,2.271083325147629,19.7100830078125,10.593708101908366
2025-08-26 01:00:00+00:00,3.897166649500529,19.94474983215332,10.79376646677653
2025-08-26 02:00:00+00:00,5.992833296457927,19.9368748664856,10.804783344268802
2025-08-26 03:00:00+00:00,6.837375005086263,19.74570814768473,10.537549781799314
2025-08-26 04:00:00+00:00,8.152166724205017,19.50783332188924,10.316558361053467
2025-08-26 05:00:00+00:00,7.269152879714966,19.911485989888508,10.399522145589192
2025-08-26 06:00:00+00:00,16.8474999666214,21.155208269755047,11.200491523742677
2025-08-26 07:00:00+00:00,23.041541576385494,22.64516623814901,12.2023996035258
2025-08-26 08:00:00+00:00,29.0117081006368,23.65108362833659,12.760358619689942
2025-08-26 09:00:00+00:00,33.315166314442955,25.448708057403564,14.066041215260823
2025-08-26 10:00:00+00:00,26.071027755737305,28.454361120859783,15.96220006942749
2025-08-26 11:00:00+00:00,12.78487511475881,29.59787511825561,16.433708540598552
2025-08-26 12:00:00+00:00,12.42174998919169,30.3582083384196,16.985699907938645
2025-08-26 13:00:00+00:00,39.715667406717934,30.880499680836994,17.221824741363523
2025-08-26 14:00:00+00:00,34.04820863405863,29.50212510426839,16.072558561960854
2025-08-26 15:00:00+00:00,20.070416927337646,27.047375043233234,14.285758527119954
2025-08-26 16:00:00+00:00,49.81220817565918,23.799152692159016,12.406027730305988
2025-08-26 17:00:00+00:00,46.32254155476888,22.39537477493286,11.680758062998454
2025-08-26 18:00:00+00:00,40.484375,21.553958415985107,11.327841790517171
2025-08-26 19:00:00+00:00,37.18008327484131,20.808958371480305,10.90506674448649
2025-08-26 20:00:00+00:00,33.215499560038246,20.45408312479655,10.661999893188478
2025-08-26 21:00:00+00:00,7.748458385467529,20.129125436147053,10.263942114512126
2025-08-26 22:00:00+00:00,7.038249969482422,19.67020829518636,10.235724957784015
2025-08-26 23:00:00+00:00,6.4030834039052325,20.001416842142746,10.53205865224203
2025-08-27 00:00:00+00:00,6.615125020345052,19.63445806503296,10.313091309865316
2025-08-27 01:00:00+00:00,9.05762501557668,19.579166889190677,10.339825216929121
2025-08-27 02:00:00+00:00,13.893708308537802,19.41474994023641,10.292249902089436
2025-08-27 03:00:00+00:00,16.372458457946777,19.40954144795736,10.35140813191732
2025-08-27 04:00:00+00:00,20.69470850626628,19.13354206085205,10.195733833312989
2025-08-27 05:00:00+00:00,26.25354146957397,19.592458566029865,10.509200255076088
2025-08-27 06:00:00+00:00,30.210958162943523,21.467166582743328,11.536116600036621
2025-08-27 07:00:00+00:00,21.10195843378703,23.05854145685832,12.279374726613364
2025-08-27 08:00:00+00:00,15.457264026006063,26.092458089192707,14.153124745686847
2025-08-27 09:00:00+00:00,13.0430695215861,28.609097162882488,15.89438877105713
2025-08-27 10:00:00+00:00,11.878750085830688,30.914499918619796,17.42874161402385
2025-08-27 11:00:00+00:00,8.917500019073486,31.67650032043457,17.852900314331055
2025-08-27 12:00:00+00:00,11.638166546821594,30.139249960581463,16.492766666412358
2025-08-27 13:00:00+00:00,10.476833264033,29.251083691914875,15.768900394439697
2025-08-27 14:00:00+00:00,15.725791573524477,29.33524990081787,15.64579995473226
2025-08-27 15:00:00+00:00,22.429333448410038,29.054208596547443,15.315233548482258
2025-08-27 16:00:00+00:00,31.13526439666748,26.311791737874348,13.499608357747395
2025-08-27 17:00:00+00:00,31.24775012334188,24.967833201090496,12.915233167012534
2025-08-27 18:00:00+00:00,31.00191640853882,23.382625102996823,12.466433493296302
2025-08-27 19:00:00+00:00,33.13483317693075,21.713250001271565,11.916916751861573
2025-08-27 20:00:00+00:00,44.16258335113525,20.80537494023641,11.352258268992104
2025-08-27 21:00:00+00:00,35.28833325703939,19.928416570027668,10.56467507680257
2025-08-27 22:00:00+00:00,22.94637489318848,19.315208435058597,9.747808329264327
2025-08-27 23:00:00+00:00,25.767874876658123,18.19912513097127,9.173375161488849
2025-08-28 00:00:00+00:00,28.62316656112671,18.52979167302449,9.65704170862833
2025-08-28 01:00:00+00:00,14.893875122070312,19.350541750590008,10.473066711425782
2025-08-28 02:00:00+00:00,8.191083351771036,19.274083614349365,10.204275290171307
2025-08-28 03:00:00+00:00,18.51854141553243,19.365874767303467,10.33859968185425
2025-08-28 04:00:00+00:00,30.20000012715657,19.169750372568767,10.308475399017336
2025-08-28 05:00:00+00:00,24.66420841217041,20.14775005976359,10.988124942779542
2025-08-28 06:00:00+00:00,19.435916662216187,21.77845843633016,11.7654834429423
2025-08-28 07:00:00+00:00,17.236999988555908,23.826791286468502,12.799641323089595
2025-08-28 08:00:00+00:00,22.572791576385494,25.319375197092693,13.809675184885663
2025-08-28 09:00:00+00:00,23.953708330790203,27.32562494277954,15.060874843597414
2025-08-28 10:00:00+00:00,17.712708314259846,28.8224999109904,16.09218330383301
2025-08-28 11:00:00+00:00,14.918916543324787,31.108333428700764,17.633258438110353
2025-08-28 12:00:00+00:00,15.625250101089478,30.289208094278973,16.73976653416952
2025-08-28 13:00:00+00:00,8.918833494186401,29.77483320236206,16.19450804392497
2025-08-28 14:00:00+00:00,13.76254177093506,28.336249669392902,15.074391460418703
2025-08-28 15:00:00+00:00,12.103000203768412,27.506791750590008,14.429650115966796
2025-08-28 16:00:00+00:00,23.764124870300293,24.544708093007404,12.518533102671304
2025-08-28 17:00:00+00:00,32.53345775604248,23.830832799275715,12.039424514770507
2025-08-28 18:00:00+00:00,32.36033344268799,23.506583213806152,11.7596581141154
2025-08-28 19:00:00+00:00,29.94683297475179,22.015625,10.825516700744629
2025-08-28 20:00:00+00:00,19.886749982833862,21.154166380564373,9.915374660491944
2025-08-28 21:00:00+00:00,15.625250021616615,20.017625013987224,9.146883487701416
2025-08-28 22:00:00+00:00,20.303249994913735,18.93845812479655,8.616741498311363
2025-08-28 23:00:00+00:00,25.43966643015544,17.549708366394043,7.972700119018555
2025-08-29 00:00:00+00:00,24.235125064849854,16.627208550771076,7.472116883595783
2025-08-29 01:00:00+00:00,20.67408323287964,16.232208410898846,7.3064417203267435
2025-08-29 02:00:00+00:00,22.62095848719279,15.7310000260671,6.986225080490115
2025-08-29 03:00:00+00:00,26.53737497329712,15.424000024795532,6.82047511736552
2025-08-29 04:00:00+00:00,40.53216663996378,15.172000090281168,6.645458380381266
2025-08-29 05:00:00+00:00,41.077707608540855,16.245999972025555,7.7108083089192725
2025-08-29 06:00:00+00:00,31.691208521525063,21.37279160817464,11.071849886576333
2025-08-29 07:00:00+00:00,31.82075023651123,24.94887479146321,12.9955914179484
2025-08-29 08:00:00+00:00,46.751583099365234,27.117624918619796,14.440016555786137
2025-08-29 09:00:00+00:00,54.312610944112144,29.382944266001385,16.10999708175659
2025-08-29 10:00:00+00:00,36.54479138056437,30.691791534423828,17.010966491699218
2025-08-29 11:00:00+00:00,24.64566659927368,31.011513868967693,17.164538892110187
2025-08-29 12:00:00+00:00,17.648333231608074,32.43023602167765,18.152530415852862
2025-08-29 13:00:00+00:00,15.715708096822103,31.693832874298096,17.51728286743164
2025-08-29 14:00:00+00:00,15.075375159581505,31.083041826883957,17.01160017649333
2025-08-29 15:00:00+00:00,20.089458227157596,28.71775023142497,15.189608637491864
2025-08-29 16:00:00+00:00,27.77783314387004,24.881249745686848,12.398532994588216
2025-08-29 17:00:00+00:00,37.4675555229187,23.38788906733195,11.71235570907593
2025-08-29 18:00:00+00:00,27.65608294804891,22.32195790608724,10.715924580891926
2025-08-29 19:00:00+00:00,38.6046249071757,21.29391638437907,10.276116307576498
2025-08-29 20:00:00+00:00,48.966249783833824,19.690416653951008,9.80544147491455
2025-08-29 21:00:00+00:00,49.15266704559326,19.10841639836629,9.495333131154377
2025-08-29 22:00:00+00:00,42.01345761617025,18.45004177093506,9.03257516225179
2025-08-29 23:00:00+00:00,36.57254155476888,18.1453750928243,9.429966767628986
2025-08-30 00:00:00+00:00,32.1007916132609,19.076375007629395,10.180108324686687
2025-08-30 01:00:00+00:00,22.02899996439616,19.30149936676025,10.260249392191566
2025-08-30 02:00:00+00:00,21.586291790008545,19.147250334421795,10.088900343577068
2025-08-30 03:00:00+00:00,22.157666365305584,18.84079138437907,9.888916269938152
2025-08-30 04:00:00+00:00,21.409208456675213,18.67283360163371,9.7052503267924
2025-08-30 05:00:00+00:00,32.768916289011635,19.185999870300293,10.028983243306477
2025-08-30 06:00:00+00:00,33.350000063578285,19.814500013987224,10.378174940745037
2025-08-30 07:00:00+00:00,28.320125261942547,21.236374855041504,11.006008402506513
2025-08-30 08:00:00+00:00,31.110958258310955,22.520166873931885,11.554591973622639
2025-08-30 09:00:00+00:00,29.995291709899902,25.4355411529541,13.321366182963054
2025-08-30 10:00:00+00:00,28.257833003997803,28.949124972025555,15.711316680908203
2025-08-30 11:00:00+00:00,25.401625156402588,31.833374977111816,17.764558283487954
2025-08-30 12:00:00+00:00,16.53654185930888,32.604042053222656,18.02617540359497
2025-08-30 13:00:00+00:00,7.637166619300842,32.156583309173584,17.000508308410645
2025-08-30 14:00:00+00:00,8.079500039418539,30.743916511535645,15.572183068593342
2025-08-30 15:00:00+00:00,25.55858318010966,27.320375124613445,13.037741788228352
2025-08-30 16:00:00+00:00,24.87437502543132,25.173874855041504,11.459824911753335
2025-08-30 17:00:00+00:00,31.79208358128865,23.91804186503093,10.626625188191738
2025-08-30 18:00:00+00:00,34.224083264668785,22.456291834513348,9.346991793314617
2025-08-30 19:00:00+00:00,45.39983336130778,20.098708629608154,8.222933610280354
2025-08-30 20:00:00+00:00,50.03245862325033,18.618125120798748,7.67298345565796
2025-08-30 21:00:00+00:00,30.566874821980797,18.63341697057088,7.15635029474894
2025-08-30 22:00:00+00:00,20.25079186757405,18.12604157129924,6.904983234405522
2025-08-30 23:00:00+00:00,18.185625076293945,17.720749855041504,7.384858131408691
2025-08-31 00:00:00+00:00,23.44883330663045,17.74983310699463,7.902066421508788
2025-08-31 01:00:00+00:00,20.348166624705,16.74916664759318,7.402350012461346
2025-08-31 02:00:00+00:00,20.073291460673016,17.03112490971883,7.802208296457925
2025-08-31 03:00:00+00:00,22.16791693369548,16.22054171562195,7.226941760381063
2025-08-31 04:00:00+00:00,33.100249926249184,15.969750245412191,7.223925304412843
2025-08-31 05:00:00+00:00,28.16295862197876,17.798125108083088,8.94528334935506
2025-08-31 06:00:00+00:00,21.32383330663045,19.82995843887329,10.031150086720784
2025-08-31 07:00:00+00:00,24.2240416208903,22.512083371480305,11.349424934387207
2025-08-31 08:00:00+00:00,25.420583486557007,24.802249749501545,12.554957993825276
2025-08-31 09:00:00+00:00,8.239208221435547,25.88466676076253,13.342116673787434
2025-08-31 10:00:00+00:00,5.880750060081482,26.965749899546307,14.032524967193602
2025-08-31 11:00:00+00:00,5.193541665871938,28.39025020599365,15.026108551025388
2025-08-31 12:00:00+00:00,5.651124934355418,27.959333578745525,14.662166913350426
2025-08-31 13:00:00+00:00,6.746958335240682,30.39120801289876,16.41334139506022
2025-08-31 14:00:00+00:00,7.817500114440918,28.747333367665608,15.16303345362345
2025-08-31 15:00:00+00:00,10.870624979337055,27.084750334421795,13.87955042521159
2025-08-31 16:00:00+00:00,11.300208369890848,24.761250336964924,12.197191905975341
2025-08-31 17:00:00+00:00,20.81045818328857,23.605291684468583,11.475450007120763
2025-08-31 18:00:00+00:00,10.197166681289673,23.00070842107137,11.248516750335693
2025-08-31 19:00:00+00:00,7.839666604995727,22.196791807810467,11.09953343073527
2025-08-31 20:00:00+00:00,5.58895001411438,21.42105007171631,10.966470069885254
2025-08-31 21:00:00+00:00,8.868785585675921,17.789071355547225,10.119814218793598
2025-08-31 22:00:00+00:00,7.290250023206075,20.437791506449383,11.140299860636395
2025-08-31 23:00:00+00:00,9.802541653315226,19.86516650517781,10.7124747912089
2025-09-01 00:00:00+00:00,9.46833324432373,19.448499997456867,10.589808273315429
2025-09-01 01:00:00+00:00,8.884291688601175,19.508249918619796,10.57122478485108
2025-09-01 02:00:00+00:00,9.010041435559591,19.269458611806236,10.33105033238729
2025-09-01 03:00:00+00:00,11.855958461761476,19.21612501144409,10.19958333969116
2025-09-01 04:00:00+00:00,14.39745831489563,19.13883384068807,10.056550566355385
2025-09-01 05:00:00+00:00,17.180041750272117,20.276041825612385,10.551350212097166
2025-09-01 06:00:00+00:00,19.9626251856486,21.4132498105367,11.046149857838948
2025-09-01 07:00:00+00:00,22.923646291097008,21.560124794642128,11.244808117548624
2025-09-01 08:00:00+00:00,25.88466739654541,21.70699977874756,11.4434663772583
2025-09-01 09:00:00+00:00,41.25637435913086,26.12512477238973,14.09619976679484
2025-09-01 10:00:00+00:00,23.091583093007404,28.146042029062908,15.091983699798583
2025-09-01 11:00:00+00:00,24.71858302752177,28.641958236694336,15.371424929300947
2025-09-01 12:00:00+00:00,19.99008313814799,30.83525005976359,16.898916753133136
2025-09-01 13:00:00+00:00,24.051791350046795,30.48712476094564,16.440574773152672
2025-09-01 14:00:00+00:00,14.676208257675173,31.915499846140545,17.407058238983154
2025-09-01 15:00:00+00:00,23.230708440144856,27.607041835784912,14.261183516184492
2025-09-01 16:00:00+00:00,42.477457682291664,25.00741672515869,12.75728333791097
2025-09-01 17:00:00+00:00,68.21147537231445,19.63785716465541,10.024790518624439
2025-09-01 18:00:00+00:00,56.47162501017253,21.61412461598714,10.832707913716632
2025-09-01 19:00:00+00:00,45.56737486521403,20.8825421333313,10.177742163340252
2025-09-01 20:00:00+00:00,39.65066655476888,19.745208263397217,9.28333330154419
2025-09-01 21:00:00+00:00,33.33191712697347,18.220666726430256,8.31083345413208
2025-09-01 22:00:00+00:00,31.195791880289715,16.71875,7.552316665649414
2025-09-01 23:00:00+00:00,32.42570845286051,15.833374977111816,7.201591555277506
2025-09-02 00:00:00+00:00,28.0309583346049,16.483875433603924,7.721475505828858
2025-09-02 01:00:00+00:00,31.84258302052816,16.848666667938232,7.985758304595947
2025-09-02 02:00:00+00:00,32.434139251708984,16.882054964701336,8.150085512797041
2025-09-02 03:00:00+00:00,34.57970841725668,16.858332951863606,8.155257860819496
2025-09-02 04:00:00+00:00,36.11938889821371,16.488861083984375,8.096191533406575
2025-09-02 05:00:00+00:00,38.67715263366699,17.267138799031574,8.841497039794922
2025-09-02 06:00:00+00:00,41.87100028991699,18.888166745503742,9.526541709899902
2025-09-02 07:00:00+00:00,39.19474983215332,21.7341251373291,11.235058530171711
2025-09-02 08:00:00+00:00,43.22877073287964,23.17427062988281,12.214637184143063
2025-09-02 09:00:00+00:00,43.59223289489746,26.93713340759277,14.539916839599607
2025-09-02 10:00:00+00:00,40.86050001780192,30.711374759674072,17.208574771881104
2025-09-02 11:00:00+00:00,34.06708319981893,31.66158326466878,17.767791652679442
2025-09-02 12:00:00+00:00,27.027541478474934,31.293749809265137,17.345608107248943
2025-09-02 13:00:00+00:00,26.199875195821125,31.66070874532064,17.45113375981649
2025-09-02 14:00:00+00:00,29.337125142415363,28.602499961853027,14.955841541290283
2025-09-02 15:00:00+00:00,34.83879168828329,26.368555545806885,13.443102804819745
2025-09-02 16:00:00+00:00,38.82052739461263,25.48608334859212,12.996561177571614
2025-09-02 17:00:00+00:00,38.49749946594238,23.92729155222575,12.350499916076663
2025-09-02 18:00:00+00:00,42.02826436360677,22.788750171661377,11.909430853525798
2025-09-02 19:00:00+00:00,36.3122501373291,22.444666544596355,11.274408276875816
2025-09-02 20:00:00+00:00,33.21537478764852,22.19195826848348,10.803124904632568
2025-09-02 21:00:00+00:00,31.796916484832764,21.149375120798748,10.135108534495037
2025-09-02 22:00:00+00:00,33.97141615549723,20.26225010553996,9.609883467356365
2025-09-02 23:00:00+00:00,31.681181994351476,19.3167724609375,8.962163404984908
2025-09-03 00:00:00+00:00,29.344125111897785,19.38679186503093,8.992708396911626
2025-09-03 01:00:00+00:00,30.44000005722046,19.3905831972758,9.058649857838951
2025-09-03 02:00:00+00:00,29.586583296457928,19.17258358001709,8.942966969807943
2025-09-03 03:00:00+00:00,28.26414326259068,19.233285631452286,9.02277134486607
2025-09-03 04:00:00+00:00,30.563092258998324,20.669539615086148,9.972402625310988
2025-09-03 05:00:00+00:00,32.86204125540597,22.105793598720005,10.922033905755907
2025-09-03 06:00:00+00:00,35.160990251813615,23.542047582353867,11.871665186200824
2025-09-03 07:00:00+00:00,37.45993924822126,24.978301565987728,12.821296466645741
2025-09-03 08:00:00+00:00,39.758888244628906,26.414555549621586,13.77092774709066
2025-09-03 09:00:00+00:00,35.95983282725016,27.422791322072342,14.29274962743123
2025-09-03 10:00:00+00:00,36.03305594126383,27.891958077748612,14.66914412180582
2025-09-03 11:00:00+00:00,36.31288206577301,27.50666413068771,14.509930525779717
2025-09-03 12:00:00+00:00,36.59270819028218,27.121370183626805,14.350716929753615
2025-09-03 13:00:00+00:00,36.87253431479136,26.736076236565903,14.191503333727512
2025-09-03 14:00:00+00:00,37.15236043930054,26.350782289505002,14.03228973770141
2025-09-03 15:00:00+00:00,37.43218656380971,25.965488342444097,13.873076141675307
2025-09-03 16:00:00+00:00,37.712012688318886,25.580194395383195,13.713862545649205
2025-09-03 17:00:00+00:00,37.991838812828064,25.194900448322294,13.554648949623102
2025-09-03 18:00:00+00:00,38.271664937337235,24.80960650126139,13.395435353597
2025-09-03 19:00:00+00:00,38.55149106184641,24.424312554200487,13.236221757570897
2025-09-03 20:00:00+00:00,38.83131718635559,24.03901860713958,13.077008161544795
2025-09-03 21:00:00+00:00,39.11114331086476,23.65372466007868,12.917794565518692
2025-09-03 22:00:00+00:00,39.39096943537394,23.26843071301778,12.75858096949259
2025-09-03 23:00:00+00:00,39.67079555988312,22.883136765956877,12.599367373466489
2025-09-04 00:00:00+00:00,39.95062168439229,22.497842818895972,12.440153777440386
2025-09-04 01:00:00+00:00,40.23044780890147,22.11254887183507,12.280940181414284
2025-09-04 02:00:00+00:00,40.510273933410645,21.727254924774165,12.121726585388181
2025-09-04 03:00:00+00:00,40.790100057919815,21.341960977713264,11.962512989362079
2025-09-04 04:00:00+00:00,41.06992618242899,20.956667030652362,11.803299393335976
2025-09-04 05:00:00+00:00,41.34975230693817,20.57137308359146,11.644085797309874
2025-09-04 06:00:00+00:00,41.62957843144734,20.186079136530555,11.484872201283771
2025-09-04 07:00:00+00:00,41.90940455595652,19.800785189469654,11.325658605257669
2025-09-04 08:00:00+00:00,42.1892306804657,19.41549124240875,11.166445009231566
2025-09-04 09:00:00+00:00,42.46905680497487,19.030197295347847,11.007231413205464
2025-09-04 10:00:00+00:00,42.74888292948405,18.644903348286945,10.848017817179361
2025-09-04 11:00:00+00:00,43.028709053993225,18.259609401226044,10.688804221153259
2025-09-04 12:00:00+00:00,43.308535178502396,17.87431545416514,10.529590625127156
2025-09-04 13:00:00+00:00,43.588361303011574,17.489021507104233,10.370377029101054
2025-09-04 14:00:00+00:00,43.86818742752075,17.103727560043332,10.211163433074951
2025-09-04 15:00:00+00:00,44.14801355202992,16.71843361298243,10.051949837048848
2025-09-04 16:00:00+00:00,44.4278396765391,16.33313966592153,9.892736241022746
2025-09-04 17:00:00+00:00,44.70766580104828,15.947845718860625,9.733522644996643
2025-09-04 18:00:00+00:00,44.98749192555745,15.562551771799722,9.574309048970541
2025-09-04 19:00:00+00:00,45.26731805006663,15.177257824738819,9.415095452944438
2025-09-04 20:00:00+00:00,45.547144174575806,14.791963877677917,9.255881856918336
2025-09-04 21:00:00+00:00,45.82697029908498,14.406669930617014,9.096668260892233
2025-09-04 22:00:00+00:00,46.106796423594155,14.02137598355611,8.93745466486613
2025-09-04 23:00:00+00:00,46.38662254810333,13.636082036495209,8.778241068840028
2025-09-05 00:00:00+00:00,46.6664486726125,13.250788089434305,8.619027472813926
2025-09-05 01:00:00+00:00,46.94627479712168,12.865494142373402,8.459813876787823
2025-09-05 02:00:00+00:00,47.22610092163086,12.4802001953125,8.30060028076172
2025-09-05 03:00:00+00:00,38.98969427744547,15.956944306691488,8.494810835520425
2025-09-05 04:00:00+00:00,38.73019440968832,17.1007498105367,9.289966615041095
2025-09-05 05:00:00+00:00,36.482374827067055,18.12999979654948,9.756308110555015
2025-09-05 06:00:00+00:00,38.07641696929932,19.66850010553996,10.49084177017212
2025-09-05 07:00:00+00:00,40.28454144795736,21.56516695022583,11.359361426035564
2025-09-05 08:00:00+00:00,55.44054158528646,23.018916924794517,12.25395841598511
2025-09-05 09:00:00+00:00,39.74279181162516,25.012083371480305,13.440883445739745
2025-09-05 10:00:00+00:00,36.85388851165772,26.80554183324178,14.517144743601479
2025-09-05 11:00:00+00:00,32.881749629974365,29.35516659418742,16.271658166249594
2025-09-05 12:00:00+00:00,34.02170832951864,28.048333326975506,15.175400002797447
2025-09-05 13:00:00+00:00,29.582208156585693,27.718208471934,14.821641890207925
2025-09-05 14:00:00+00:00,31.216000239054363,27.086958249409992,13.907349904378254
2025-09-05 15:00:00+00:00,38.55320835113525,25.71987501780192,12.874683380126953
2025-09-05 16:00:00+00:00,40.46916707356771,23.696791648864743,11.927700042724608
2025-09-05 17:00:00+00:00,61.94191646575928,22.07591692606608,11.091933504740394
2025-09-05 18:00:00+00:00,49.97712484995524,21.26158348719279,10.421816921234132
2025-09-05 19:00:00+00:00,43.93158372243246,20.436958471934,9.609183406829832
2025-09-05 20:00:00+00:00,43.15425046284994,19.226583162943523,8.958841578165691
2025-09-05 21:00:00+00:00,44.472832997639976,17.65837510426839,8.155658404032389
2025-09-05 22:00:00+00:00,35.3463331858317,16.82183329264323,7.650683339436851
2025-09-05 23:00:00+00:00,35.67937469482422,15.500208377838137,7.051233450571699
2025-09-06 00:00:00+00:00,36.05737511316935,14.92383337020874,6.855175050099691
2025-09-06 01:00:00+00:00,32.0529580116272,14.529416561126707,6.610733254750567
2025-09-06 02:00:00+00:00,36.654208183288574,14.197875022888184,6.395033327738443
2025-09-06 03:00:00+00:00,35.44433307647705,13.857958237330118,6.2214499314626055
2025-09-06 04:00:00+00:00,45.338833491007485,13.56766668955485,6.062000147501627
2025-09-06 05:00:00+00:00,49.41341622670492,14.868208328882853,7.1580915609995515
2025-09-06 06:00:00+00:00,48.248541831970215,19.79616689682007,9.919283644358318
2025-09-06 07:00:00+00:00,39.27420822779337,23.86895831425985,12.087483374277754
2025-09-06 08:00:00+00:00,26.62445815404256,26.77970838546753,13.897358481089276
2025-09-06 09:00:00+00:00,29.442416826883957,29.049499988555908,15.669483280181884
2025-09-06 10:00:00+00:00,25.281791528066,31.444125016530357,17.429691696166994
2025-09-06 11:00:00+00:00,23.908250013987224,32.741958141326904,18.277924855550133
2025-09-06 12:00:00+00:00,28.09450022379557,28.36170848210653,14.696333503723146
2025-09-06 13:00:00+00:00,44.202489386664496,26.70276679992676,14.025777926974827
2025-09-06 14:00:00+00:00,60.31047854953342,25.04382511774699,13.35522235022651
2025-09-06 15:00:00+00:00,76.41846771240235,23.38488343556722,12.684666773478192
2025-09-06 16:00:00+00:00,92.52645687527126,21.725941753387453,12.014111196729875
2025-09-06 17:00:00+00:00,108.6344460381402,20.067000071207683,11.343555619981556
2025-09-06 18:00:00+00:00,70.16111119588216,22.27441676457723,12.041475137074787
2025-09-06 19:00:00+00:00,47.29495779673258,21.901333491007488,11.337733523050945
2025-09-06 20:00:00+00:00,30.06529140472412,20.5270832379659,9.449924945831299
2025-09-06 21:00:00+00:00,25.099958419799805,19.40195830663045,8.875916576385498
2025-09-06 22:00:00+00:00,26.174916744232178,18.33479197820028,8.46770861943563
2025-09-06 23:00:00+00:00,31.763583024342854,17.440083344777424,8.100875059763588
2025-09-07 00:00:00+00:00,31.97595802942912,16.349333604176838,7.45616693496704
2025-09-07 01:00:00+00:00,32.50658353169759,15.714166641235352,7.114399973551432
2025-09-07 02:00:00+00:00,34.713708559672035,15.420833349227903,6.9335334300994855
2025-09-07 03:00:00+00:00,36.64933363596598,15.339375019073486,6.90997495651245
2025-09-07 04:00:00+00:00,34.90529155731201,16.373374938964844,7.769849840799967
2025-09-07 05:00:00+00:00,30.171000003814697,17.29466660817464,8.400016530354817
2025-09-07 06:00:00+00:00,29.337124983469646,19.18316650390625,9.413691393534345
2025-09-07 07:00:00+00:00,33.01670837402344,22.883749802907307,11.637074820200601
2025-09-07 08:00:00+00:00,29.575666586558025,25.86650005976359,13.532933394114178
2025-09-07 09:00:00+00:00,26.71133327484131,28.65249999364217,15.334633350372314
2025-09-07 10:00:00+00:00,25.085166613260903,30.599916458129883,16.78853311538696
2025-09-07 11:00:00+00:00,26.462125142415363,31.731917063395183,17.62090040842692
2025-09-07 12:00:00+00:00,26.301166534423828,32.372249603271484,17.914957936604818
